0 0 0 0 0 -3.95355 93.8031 114.942 -3.95355 93.5291 115.139
1 0 0 0 1 -3.95355 93.8031 114.367 -3.95355 92.7296 115.139
2 0 0 0 2 -3.95355 93.8031 113.793 -3.95355 91.93 115.139
3 0 0 0 3 -3.95355 93.8031 113.218 -3.95355 91.1304 115.139
4 0 0 0 4 -3.95355 93.8031 112.643 -3.95355 90.3308 115.139
5 0 0 0 5 -3.95355 93.8031 112.068 -3.95355 89.5312 115.139
6 0 0 0 6 -3.95355 93.8031 111.493 -3.95355 88.7317 115.139
7 0 0 0 7 -3.95355 93.8031 110.919 -3.95355 87.9321 115.139
8 0 0 0 8 -3.95355 93.8031 110.344 -3.95355 87.1325 115.139
9 0 0 0 9 -3.95355 93.8031 109.769 -3.95355 86.3329 115.139
10 0 0 0 10 -3.95355 93.8031 109.194 -3.95355 85.5334 115.139
11 0 0 0 11 -3.95355 93.8031 108.62 -3.95355 84.7338 115.139
12 0 0 0 12 -3.95355 93.8031 108.045 -3.95355 83.9342 115.139
13 0 0 0 13 -3.95355 93.8031 107.47 -3.95355 83.1346 115.139
14 0 0 0 14 -3.95355 93.8031 106.895 -3.95355 82.335 115.139
15 0 0 0 15 -3.95355 93.8031 106.321 -3.95355 81.5355 115.139
16 0 0 0 16 -3.95355 93.8031 105.746 -3.95355 80.7359 115.139
17 0 0 0 17 -3.95355 93.8031 105.171 -3.95355 79.9363 115.139
18 0 0 0 18 -3.95355 93.8031 104.596 -3.95355 79.1367 115.139
19 0 0 0 19 -3.95355 93.8031 104.022 -3.95355 78.3372 115.139
20 0 0 0 20 -3.95355 93.8031 103.447 -3.95355 77.5376 115.139
21 0 0 0 21 -3.95355 93.8031 102.872 -3.95355 76.738 115.139
22 0 0 0 22 -3.95355 93.8031 102.297 -3.95355 75.9384 115.139
23 0 0 0 23 -3.95355 93.8031 101.722 -3.95355 75.1388 115.139
24 0 0 0 24 -3.95355 93.8031 101.148 -3.95355 74.3393 115.139
25 0 0 0 25 -3.95355 93.8031 100.573 -3.95355 73.5397 115.139
26 0 0 0 26 -3.95355 93.8031 99.9981 -3.95355 72.7401 115.139
27 0 0 0 27 -3.95355 93.8031 99.4234 -3.95355 71.9405 115.139
28 0 0 0 28 -3.95355 93.8031 98.8486 -3.95355 71.141 115.139
29 0 0 0 29 -3.95355 93.8031 98.2738 -3.95355 70.3414 115.139
30 0 0 0 30 -3.95355 93.8031 97.6991 -3.95355 69.5418 115.139
31 0 0 0 31 -3.95355 93.8031 97.1243 -3.95355 68.7422 115.139
32 0 0 0 32 -3.95355 93.8031 96.5495 -3.95355 67.9426 115.139
33 0 0 0 33 -3.95355 93.8031 95.9748 -3.95355 67.1431 115.139
34 0 0 0 34 -3.95355 93.8031 95.4 -3.95355 66.3435 115.139
35 0 0 0 35 -3.95355 93.8031 94.8252 -3.95355 65.5439 115.139
36 0 0 0 36 -3.95355 93.8031 94.2505 -3.95355 64.7443 115.139
37 0 0 0 37 -3.95355 93.8031 93.6757 -3.95355 63.9448 115.139
38 0 0 0 38 -3.95355 93.8031 93.1009 -3.95355 63.1452 115.139
39 0 0 0 39 -3.95355 93.8031 92.5262 -3.95355 62.3456 115.139
40 0 0 0 40 -3.95355 93.8031 91.9514 -3.95355 61.546 115.139
41 0 0 0 41 -3.95355 93.8031 91.3766 -3.95355 60.7464 115.139
42 0 0 0 42 -3.95355 93.8031 90.8019 -3.95355 59.9469 115.139
43 0 0 0 43 -3.95355 93.8031 90.2271 -3.95355 59.1473 115.139
44 0 0 0 44 -3.95355 93.8031 89.6523 -3.95355 58.3477 115.139
45 0 0 0 45 -3.95355 93.8031 89.0776 -3.95355 57.5481 115.139
46 0 0 0 46 -3.95355 93.8031 88.5028 -3.95355 56.7486 115.139
47 0 0 0 47 -3.95355 93.8031 87.928 -3.95355 55.949 115.139
48 0 0 0 48 -3.95355 93.8031 87.3533 -3.95355 55.1494 115.139
49 0 0 0 49 -3.95355 93.8031 86.7785 -3.95355 54.3498 115.139
50 0 0 0 50 -3.95355 93.8031 86.2037 -3.95355 53.5502 115.139
51 0 0 0 51 -3.95355 93.8031 85.629 -3.95355 52.7507 115.139
52 0 0 0 52 -3.95355 93.8031 85.0542 -3.95355 51.9511 115.139
53 0 0 0 53 -3.95355 93.8031 84.4794 -3.95355 51.1515 115.139
54 0 0 0 54 -3.95355 93.8031 83.9047 -3.95355 50.3519 115.139
55 0 0 0 55 -3.95355 93.8031 83.3299 -3.95355 49.5524 115.139
56 0 0 0 56 -3.95355 93.8031 82.7551 -3.95355 48.7528 115.139
57 0 0 0 57 -3.95355 93.8031 82.1804 -3.95355 47.9532 115.139
58 0 0 0 58 -3.95355 93.8031 81.6056 -3.95355 47.1536 115.139
59 0 0 0 59 -3.95355 93.8031 81.0308 -3.95355 46.354 115.139
60 0 0 0 60 -3.95355 93.8031 80.4561 -3.95355 45.5545 115.139
61 0 0 0 61 -3.95355 93.8031 79.8813 -3.95355 44.7549 115.139
62 0 0 0 62 -3.95355 93.8031 79.3065 -3.95355 43.9553 115.139
63 0 0 0 63 -3.95355 93.8031 78.7318 -3.95355 43.1557 115.139
64 0 0 0 64 -3.95355 93.8031 78.157 -3.95355 42.3562 115.139
65 0 0 0 65 -3.95355 93.8031 77.5822 -3.95355 41.5566 115.139
66 0 0 0 66 -3.95355 93.8031 77.0075 -3.95355 40.757 115.139
67 0 0 0 67 -3.95355 93.8031 76.4327 -3.95355 39.9574 115.139
68 0 0 0 68 -3.95355 93.8031 75.8579 -3.95355 39.1578 115.139
69 0 0 0 69 -3.95355 93.8031 75.2832 -3.95355 38.3583 115.139
70 0 0 0 70 -3.95355 93.8031 74.7084 -3.95355 37.5587 115.139
71 0 0 0 71 -3.95355 93.8031 74.1336 -3.95355 36.7591 115.139
72 0 0 0 72 -3.95355 93.8031 73.5589 -3.95355 35.9595 115.139
73 0 0 0 73 -3.95355 93.8031 72.9841 -3.95355 35.1599 115.139
74 0 0 0 74 -3.95355 93.8031 72.4093 -3.95355 34.3604 115.139
75 0 0 0 75 -3.95355 93.8031 71.8346 -3.95355 33.5608 115.139
76 0 0 0 76 -3.95355 93.8031 71.2598 -3.95355 32.7612 115.139
77 0 0 0 77 -3.95355 93.8031 70.685 -3.95355 31.9616 115.139
78 0 0 0 78 -3.95355 93.8031 70.1103 -3.95355 31.1621 115.139
79 0 0 0 79 -3.95355 93.8031 69.5355 -3.95355 30.3625 115.139
80 0 0 0 80 -3.95355 93.8031 68.9607 -3.95355 29.5629 115.139
81 0 0 0 81 -3.95355 93.8031 68.386 -3.95355 28.7633 115.139
82 0 0 0 82 -3.95355 93.8031 67.8112 -3.95355 27.9637 115.139
83 0 0 0 83 -3.95355 93.8031 67.2364 -3.95355 27.1642 115.139
84 0 0 0 84 -3.95355 93.8031 66.6617 -3.95355 26.3646 115.139
85 0 0 0 85 -3.95355 93.8031 66.0869 -3.95355 25.565 115.139
86 0 0 0 86 -3.95355 93.8031 65.5121 -3.95355 24.7654 115.139
87 0 0 0 87 -3.95355 93.8031 64.9374 -3.95355 23.9659 115.139
88 0 0 0 88 -3.95355 93.8031 64.3626 -3.95355 23.1663 115.139
89 0 0 0 89 -3.95355 93.8031 63.7878 -3.95355 22.3667 115.139
90 0 0 0 90 -3.95355 93.8031 63.2131 -3.95355 21.5671 115.139
91 0 0 0 91 -3.95355 93.8031 62.6383 -3.95355 20.7675 115.139
92 0 0 0 92 -3.95355 93.8031 62.0635 -3.95355 19.968 115.139
93 0 0 0 93 -3.95355 93.8031 61.4888 -3.95355 19.1684 115.139
94 0 0 0 94 -3.95355 93.8031 60.914 -3.95355 18.3688 115.139
95 0 0 0 95 -3.95355 93.8031 60.3392 -3.95355 17.5692 115.139
96 0 0 0 96 -3.95355 93.8031 59.7645 -3.95355 16.7697 115.139
97 0 0 0 97 -3.95355 93.8031 59.1897 -3.95355 15.9701 115.139
98 0 0 0 98 -3.95355 93.8031 58.6149 -3.95355 15.1705 115.139
99 0 0 0 99 -3.95355 93.8031 58.0402 -3.95355 14.3709 115.139
100 0 0 0 100 -3.95355 93.8031 57.4654 -3.95355 13.5713 115.139
101 0 0 0 101 -3.95355 93.8031 56.8906 -3.95355 12.7718 115.139
102 0 0 0 102 -3.95355 93.8031 56.3159 -3.95355 11.9722 115.139
103 0 0 0 103 -3.95355 93.8031 55.7411 -3.95355 11.1726 115.139
104 0 0 0 104 -3.95355 93.8031 55.1663 -3.95355 10.373 115.139
105 0 0 0 105 -3.95355 93.8031 54.5916 -3.95355 9.57345 115.139
106 0 0 0 106 -3.95355 93.8031 54.0168 -3.95355 8.77388 115.139
107 0 0 0 107 -3.95355 93.8031 53.442 -3.95355 7.9743 115.139
108 0 0 0 108 -3.95355 93.8031 52.8673 -3.95355 7.17472 115.139
109 0 0 0 109 -3.95355 93.8031 52.2925 -3.95355 6.37514 115.139
110 0 0 0 110 -3.95355 93.8031 51.7177 -3.95355 5.57556 115.139
111 0 0 0 111 -3.95355 93.8031 51.143 -3.95355 4.77599 115.139
112 0 0 0 112 -3.95355 93.8031 50.5682 -3.95355 3.97641 115.139
113 0 0 0 113 -3.95355 93.8031 49.9934 -3.95355 3.17683 115.139
114 0 0 0 114 -3.95355 93.8031 49.4187 -3.95355 2.37725 115.139
115 0 0 0 115 -3.95355 93.8031 48.8439 -3.95355 1.57768 115.139
116 0 0 0 116 -3.95355 93.8031 48.2691 -3.95355 0.778097 115.139
117 0 0 0 117 -3.95355 93.8031 47.6944 -3.95355 0.778097 114.564
118 0 0 0 118 -3.95355 93.8031 47.1196 -3.95355 0.778097 113.989
119 0 0 0 119 -3.95355 93.8031 46.5448 -3.95355 0.778097 113.415
120 0 0 0 120 -3.95355 93.8031 45.9701 -3.95355 0.778097 112.84
121 0 0 0 121 -3.95355 93.8031 45.3953 -3.95355 0.778097 112.265
122 0 0 0 122 -3.95355 93.8031 44.8205 -3.95355 0.778097 111.69
123 0 0 0 123 -3.95355 93.8031 44.2458 -3.95355 0.778097 111.116
124 0 0 0 124 -3.95355 93.8031 43.671 -3.95355 0.778097 110.541
125 0 0 0 125 -3.95355 93.8031 43.0962 -3.95355 0.778097 109.966
126 0 0 0 126 -3.95355 93.8031 42.5215 -3.95355 0.778097 109.391
127 0 0 0 127 -3.95355 93.8031 41.9467 -3.95355 0.778097 108.817
128 0 0 0 128 -3.95355 93.8031 41.3719 -3.95355 0.778097 108.242
129 0 0 0 129 -3.95355 93.8031 40.7972 -3.95355 0.778097 107.667
130 0 0 0 130 -3.95355 93.8031 40.2224 -3.95355 0.778097 107.092
131 0 0 0 131 -3.95355 93.8031 39.6476 -3.95355 0.778097 106.518
132 0 0 0 132 -3.95355 93.8031 39.0729 -3.95355 0.778097 105.943
133 0 0 0 133 -3.95355 93.8031 38.4981 -3.95355 0.778097 105.368
134 0 0 0 134 -3.95355 93.8031 37.9233 -3.95355 0.778097 104.793
135 0 0 0 135 -3.95355 93.8031 37.3486 -3.95355 0.778097 104.218
136 0 0 0 136 -3.95355 93.8031 36.7738 -3.95355 0.778097 103.644
137 0 0 0 137 -3.95355 93.8031 36.199 -3.95355 0.778097 103.069
138 0 0 0 138 -3.95355 93.8031 35.6243 -3.95355 0.778097 102.494
139 0 0 0 139 -3.95355 93.8031 35.0495 -3.95355 0.778097 101.919
140 0 0 0 140 -3.95355 93.8031 34.4747 -3.95355 0.778097 101.345
141 0 0 0 141 -3.95355 93.8031 33.9 -3.95355 0.778097 100.77
142 0 0 0 142 -3.95355 93.8031 33.3252 -3.95355 0.778097 100.195
143 0 0 0 143 -3.95355 93.8031 32.7504 -3.95355 0.778097 99.6203
144 0 0 0 144 -3.95355 93.8031 32.1757 -3.95355 0.778097 99.0455
145 0 0 0 145 -3.95355 93.8031 31.6009 -3.95355 0.778097 98.4708
146 0 0 0 146 -3.95355 93.8031 31.0261 -3.95355 0.778097 97.896
147 0 0 0 147 -3.95355 93.8031 30.4514 -3.95355 0.778097 97.3212
148 0 0 0 148 -3.95355 93.8031 29.8766 -3.95355 0.778097 96.7465
149 0 0 0 149 -3.95355 93.8031 29.3018 -3.95355 0.778097 96.1717
150 0 0 0 150 -3.95355 93.8031 28.7271 -3.95355 0.778097 95.5969
151 0 0 0 151 -3.95355 93.8031 28.1523 -3.95355 0.778097 95.0222
152 0 0 0 152 -3.95355 93.8031 27.5775 -3.95355 0.778097 94.4474
153 0 0 0 153 -3.95355 93.8031 27.0028 -3.95355 0.778097 93.8726
154 0 0 0 154 -3.95355 93.8031 26.428 -3.95355 0.778097 93.2979
155 0 0 0 155 -3.95355 93.8031 25.8532 -3.95355 0.778097 92.7231
156 0 0 0 156 -3.95355 93.8031 25.2785 -3.95355 0.778097 92.1483
157 0 0 0 157 -3.95355 93.8031 24.7037 -3.95355 0.778097 91.5736
158 0 0 0 158 -3.95355 93.8031 24.1289 -3.95355 0.778097 90.9988
159 0 0 0 159 -3.95355 93.8031 23.5542 -3.95355 0.778097 90.424
160 0 0 0 160 -3.95355 93.8031 22.9794 -3.95355 0.778097 89.8493
161 0 0 0 161 -3.95355 93.8031 22.4046 -3.95355 0.778097 89.2745
162 0 0 0 162 -3.95355 93.8031 21.8299 -3.95355 0.778097 88.6997
163 0 0 0 163 -3.95355 93.8031 21.2551 -3.95355 0.778097 88.125
164 0 0 0 164 -3.95355 93.8031 20.6803 -3.95355 0.778097 87.5502
165 0 0 0 165 -3.95355 93.8031 20.1056 -3.95355 0.778097 86.9754
166 0 0 0 166 -3.95355 93.8031 19.5308 -3.95355 0.778097 86.4007
167 0 0 0 167 -3.95355 93.8031 18.956 -3.95355 0.778097 85.8259
168 0 0 0 168 -3.95355 93.8031 18.3813 -3.95355 0.778097 85.2511
169 0 0 0 169 -3.95355 93.8031 17.8065 -3.95355 0.778097 84.6764
170 0 0 0 170 -3.95355 93.8031 17.2317 -3.95355 0.778097 84.1016
171 0 0 0 171 -3.95355 93.8031 16.657 -3.95355 0.778097 83.5268
172 0 0 0 172 -3.95355 93.8031 16.0822 -3.95355 0.778097 82.9521
173 0 0 0 173 -3.95355 93.8031 15.5074 -3.95355 0.778097 82.3773
174 0 0 0 174 -3.95355 93.8031 14.9327 -3.95355 0.778097 81.8025
175 0 0 0 175 -3.95355 93.8031 14.3579 -3.95355 0.778097 81.2278
176 0 0 0 176 -3.95355 93.8031 13.7831 -3.95355 0.778097 80.653
177 0 0 0 177 -3.95355 93.8031 13.2084 -3.95355 0.778097 80.0782
178 0 0 0 178 -3.95355 93.8031 12.6336 -3.95355 0.778097 79.5035
179 0 0 0 179 -3.95355 93.8031 12.0588 -3.95355 0.778097 78.9287
180 0 0 0 180 -3.95355 93.8031 11.4841 -3.95355 0.778097 78.3539
181 0 0 0 181 -3.95355 93.8031 10.9093 -3.95355 0.778097 77.7792
182 0 0 0 182 -3.95355 93.8031 10.3345 -3.95355 0.778097 77.2044
183 0 0 0 183 -3.95355 93.8031 9.75978 -3.95355 0.778097 76.6296
184 0 0 0 184 -3.95355 93.8031 9.18501 -3.95355 0.778097 76.0549
185 0 0 0 185 -3.95355 93.8031 8.61025 -3.95355 0.778097 75.4801
186 0 0 0 186 -3.95355 93.8031 8.03548 -3.95355 0.778097 74.9053
187 0 0 0 187 -3.95355 93.8031 7.46071 -3.95355 0.778097 74.3306
188 0 0 0 188 -3.95355 93.8031 6.88595 -3.95355 0.778097 73.7558
189 0 0 0 189 -3.95355 93.8031 6.31118 -3.95355 0.778097 73.181
190 0 0 0 190 -3.95355 93.8031 5.73641 -3.95355 0.778097 72.6063
191 0 0 0 191 -3.95355 93.8031 5.16165 -3.95355 0.778097 72.0315
192 0 0 0 192 -3.95355 93.8031 4.58688 -3.95355 0.778097 71.4567
193 0 0 0 193 -3.95355 93.8031 4.01211 -3.95355 0.778097 70.882
194 0 0 0 194 -3.95355 93.8031 3.43735 -3.95355 0.778097 70.3072
195 0 0 0 195 -3.95355 93.8031 2.86258 -3.95355 0.778097 69.7324
196 0 0 0 196 -3.95355 93.8031 2.28781 -3.95355 0.778097 69.1577
197 0 0 0 197 -3.95355 93.8031 1.71305 -3.95355 0.778097 68.5829
198 0 0 0 198 -3.95355 93.8031 1.13828 -3.95355 0.778097 68.0081
199 0 0 0 199 -3.95355 93.8031 0.563515 -3.95355 0.778097 67.4334
200 0 0 0 200 -3.95355 93.7874 -1.06581e-13 -3.95355 0.79375 66.8474
201 0 0 0 201 -3.95355 92.9879 1.42109e-14 -3.95355 0.79375 66.2726
202 0 0 0 202 -3.95355 92.1883 1.20792e-13 -3.95355 0.79375 65.6978
203 0 0 0 203 -3.95355 91.3887 -5.68434e-14 -3.95355 0.79375 65.1231
204 0 0 0 204 -3.95355 90.5891 1.49214e-13 -3.95355 0.79375 64.5483
205 0 0 0 205 -3.95355 89.7896 -2.84217e-14 -3.95355 0.79375 63.9735
206 0 0 0 206 -3.95355 88.99 8.88178e-14 -3.95355 0.79375 63.3988
207 0 0 0 207 -3.95355 88.1904 -9.23706e-14 -3.95355 0.79375 62.824
208 0 0 0 208 -3.95355 87.3908 1.77636e-14 -3.95355 0.79375 62.2492
209 0 0 0 209 -3.95355 86.5912 -6.75016e-14 -3.95355 0.79375 61.6745
210 0 0 0 210 -3.95355 85.7917 4.9738e-14 -3.95355 0.79375 61.0997
211 0 0 0 211 -3.95355 84.9921 -1.3145e-13 -3.95355 0.79375 60.5249
212 0 0 0 212 -3.95355 84.1925 -1.77636e-14 -3.95355 0.79375 59.9502
213 0 0 0 213 -3.95355 83.3929 9.23706e-14 -3.95355 0.79375 59.3754
214 0 0 0 214 -3.95355 82.5934 1.06581e-14 -3.95355 0.79375 58.8006
215 0 0 0 215 -3.95355 81.7938 3.90799e-14 -3.95355 0.79375 58.2259
216 0 0 0 216 -3.95355 80.9942 3.55271e-15 -3.95355 0.79375 57.6511
217 0 0 0 217 -3.95355 80.1946 -3.55271e-15 -3.95355 0.79375 57.0763
218 0 0 0 218 -3.95355 79.395 -3.55271e-14 -3.95355 0.79375 56.5016
219 0 0 0 219 -3.95355 78.5955 5.68434e-14 -3.95355 0.79375 55.9268
220 0 0 0 220 -3.95355 77.7959 2.13163e-14 -3.95355 0.79375 55.352
221 0 0 0 221 -3.95355 76.9963 2.13163e-14 -3.95355 0.79375 54.7773
222 0 0 0 222 -3.95355 76.1967 -1.42109e-14 -3.95355 0.79375 54.2025
223 0 0 0 223 -3.95355 75.3972 -2.13163e-14 -3.95355 0.79375 53.6277
224 0 0 0 224 -3.95355 74.5976 4.61853e-14 -3.95355 0.79375 53.053
225 0 0 0 225 -3.95355 73.798 3.90799e-14 -3.95355 0.79375 52.4782
226 0 0 0 226 -3.95355 72.9984 7.10543e-15 -3.95355 0.79375 51.9034
227 0 0 0 227 -3.95355 72.1988 3.55271e-15 -3.95355 0.79375 51.3287
228 0 0 0 228 -3.95355 71.3993 -3.19744e-14 -3.95355 0.79375 50.7539
229 0 0 0 229 -3.95355 70.5997 -3.19744e-14 -3.95355 0.79375 50.1791
230 0 0 0 230 -3.95355 69.8001 3.19744e-14 -3.95355 0.79375 49.6044
231 0 0 0 231 -3.95355 69.0005 2.13163e-14 -3.95355 0.79375 49.0296
232 0 0 0 232 -3.95355 68.201 -1.06581e-14 -3.95355 0.79375 48.4548
233 0 0 0 233 -3.95355 67.4014 -1.42109e-14 -3.95355 0.79375 47.8801
234 0 0 0 234 -3.95355 66.6018 -4.9738e-14 -3.95355 0.79375 47.3053
235 0 0 0 235 -3.95355 65.8022 4.61853e-14 -3.95355 0.79375 46.7305
236 0 0 0 236 -3.95355 65.0026 1.42109e-14 -3.95355 0.79375 46.1558
237 0 0 0 237 -3.95355 64.2031 7.10543e-15 -3.95355 0.79375 45.581
238 0 0 0 238 -3.95355 63.4035 -2.4869e-14 -3.95355 0.79375 45.0062
239 0 0 0 239 -3.95355 62.6039 -2.84217e-14 -3.95355 0.79375 44.4315
240 0 0 0 240 -3.95355 61.8043 3.55271e-14 -3.95355 0.79375 43.8567
241 0 0 0 241 -3.95355 61.0047 2.84217e-14 -3.95355 0.79375 43.2819
242 0 0 0 242 -3.95355 60.2052 -7.10543e-15 -3.95355 0.79375 42.7072
243 0 0 0 243 -3.95355 59.4056 -1.42109e-14 -3.95355 0.79375 42.1324
244 0 0 0 244 -3.95355 58.606 -4.26326e-14 -3.95355 0.79375 41.5576
245 0 0 0 245 -3.95355 57.8064 4.9738e-14 -3.95355 0.79375 40.9829
246 0 0 0 246 -3.95355 57.0069 1.42109e-14 -3.95355 0.79375 40.4081
247 0 0 0 247 -3.95355 56.2073 1.42109e-14 -3.95355 0.79375 39.8333
248 0 0 0 248 -3.95355 55.4077 -2.13163e-14 -3.95355 0.79375 39.2586
249 0 0 0 249 -3.95355 54.6081 -2.13163e-14 -3.95355 0.79375 38.6838
250 0 0 0 250 -3.95355 53.8085 3.55271e-14 -3.95355 0.79375 38.109
251 0 0 0 251 -3.95355 53.009 2.84217e-14 -3.95355 0.79375 37.5343
252 0 0 0 252 -3.95355 52.2094 -3.55271e-15 -3.95355 0.79375 36.9595
253 0 0 0 253 -3.95355 51.4098 -7.10543e-15 -3.95355 0.79375 36.3847
254 0 0 0 254 -3.95355 50.6102 -3.90799e-14 -3.95355 0.79375 35.81
255 0 0 0 255 -3.95355 49.8107 5.32907e-14 -3.95355 0.79375 35.2352
256 0 0 0 256 -3.95355 49.0111 2.13163e-14 -3.95355 0.79375 34.6604
257 0 0 0 257 -3.95355 48.2115 1.77636e-14 -3.95355 0.79375 34.0857
258 0 0 0 258 -3.95355 47.4119 -1.42109e-14 -3.95355 0.79375 33.5109
259 0 0 0 259 -3.95355 46.6123 -1.77636e-14 -3.95355 0.79375 32.9361
260 0 0 0 260 -3.95355 45.8128 3.90799e-14 -3.95355 0.79375 32.3614
261 0 0 0 261 -3.95355 45.0132 3.73035e-14 -3.95355 0.79375 31.7866
262 0 0 0 262 -3.95355 44.2136 1.77636e-15 -3.95355 0.79375 31.2118
263 0 0 0 263 -3.95355 43.414 -3.01981e-14 -3.95355 0.79375 30.6371
264 0 0 0 264 -3.95355 42.6145 -3.37508e-14 -3.95355 0.79375 30.0623
265 0 0 0 265 -3.95355 41.8149 3.01981e-14 -3.95355 0.79375 29.4875
266 0 0 0 266 -3.95355 41.0153 2.66454e-14 -3.95355 0.79375 28.9128
267 0 0 0 267 -3.95355 40.2157 -5.32907e-15 -3.95355 0.79375 28.338
268 0 0 0 268 -3.95355 39.4161 -1.06581e-14 -3.95355 0.79375 27.7632
269 0 0 0 269 -3.95355 38.6166 -5.15143e-14 -3.95355 0.79375 27.1885
270 0 0 0 270 -3.95355 37.817 4.44089e-14 -3.95355 0.79375 26.6137
271 0 0 0 271 -3.95355 37.0174 1.24345e-14 -3.95355 0.79375 26.0389
272 0 0 0 272 -3.95355 36.2178 7.10543e-15 -3.95355 0.79375 25.4642
273 0 0 0 273 -3.95355 35.4183 -2.4869e-14 -3.95355 0.79375 24.8894
274 0 0 0 274 -3.95355 34.6187 -2.84217e-14 -3.95355 0.79375 24.3146
275 0 0 0 275 -3.95355 33.8191 3.55271e-14 -3.95355 0.79375 23.7399
276 0 0 0 276 -3.95355 33.0195 3.19744e-14 -3.95355 0.79375 23.1651
277 0 0 0 277 -3.95355 32.2199 0 -3.95355 0.79375 22.5903
278 0 0 0 278 -3.95355 31.4204 -5.32907e-15 -3.95355 0.79375 22.0156
279 0 0 0 279 -3.95355 30.6208 -4.61853e-14 -3.95355 0.79375 21.4408
280 0 0 0 280 -3.95355 29.8212 4.9738e-14 -3.95355 0.79375 20.866
281 0 0 0 281 -3.95355 29.0216 1.77636e-14 -3.95355 0.79375 20.2913
282 0 0 0 282 -3.95355 28.2221 1.24345e-14 -3.95355 0.79375 19.7165
283 0 0 0 283 -3.95355 27.4225 -2.13163e-14 -3.95355 0.79375 19.1417
284 0 0 0 284 -3.95355 26.6229 -2.4869e-14 -3.95355 0.79375 18.567
285 0 0 0 285 -3.95355 25.8233 4.08562e-14 -3.95355 0.79375 17.9922
286 0 0 0 286 -3.95355 25.0237 3.73035e-14 -3.95355 0.79375 17.4174
287 0 0 0 287 -3.95355 24.2242 3.55271e-15 -3.95355 0.79375 16.8427
288 0 0 0 288 -3.95355 23.4246 0 -3.95355 0.79375 16.2679
289 0 0 0 289 -3.95355 22.625 -4.08562e-14 -3.95355 0.79375 15.6931
290 0 0 0 290 -3.95355 21.8254 5.50671e-14 -3.95355 0.79375 15.1184
291 0 0 0 291 -3.95355 21.0259 2.13163e-14 -3.95355 0.79375 14.5436
292 0 0 0 292 -3.95355 20.2263 1.77636e-14 -3.95355 0.79375 13.9688
293 0 0 0 293 -3.95355 19.4267 -1.59872e-14 -3.95355 0.79375 13.3941
294 0 0 0 294 -3.95355 18.6271 -2.04281e-14 -3.95355 0.79375 12.8193
295 0 0 0 295 -3.95355 17.8275 4.61853e-14 -3.95355 0.79375 12.2445
296 0 0 0 296 -3.95355 17.028 4.17444e-14 -3.95355 0.79375 11.6698
297 0 0 0 297 -3.95355 16.2284 8.88178e-15 -3.95355 0.79375 11.095
298 0 0 0 298 -3.95355 15.4288 4.44089e-15 -3.95355 0.79375 10.5202
299 0 0 0 299 -3.95355 14.6292 -3.64153e-14 -3.95355 0.79375 9.94546
300 0 0 0 300 -3.95355 13.8297 -3.9968e-14 -3.95355 0.79375 9.3707
301 0 0 0 301 -3.95355 13.0301 2.57572e-14 -3.95355 0.79375 8.79593
302 0 0 0 302 -3.95355 12.2305 2.22045e-14 -3.95355 0.79375 8.22116
303 0 0 0 303 -3.95355 11.4309 -1.11022e-14 -3.95355 0.79375 7.6464
304 0 0 0 304 -3.95355 10.6313 -1.5099e-14 -3.95355 0.79375 7.07163
305 0 0 0 305 -3.95355 9.83176 -4.84057e-14 -3.95355 0.79375 6.49686
306 0 0 0 306 -3.95355 9.03218 4.70735e-14 -3.95355 0.79375 5.9221
307 0 0 0 307 -3.95355 8.23261 1.95399e-14 -3.95355 0.79375 5.34733
308 0 0 0 308 -3.95355 7.43303 -6.66134e-15 -3.95355 0.79375 4.77256
309 0 0 0 309 -3.95355 6.63345 -2.53131e-14 -3.95355 0.79375 4.1978
310 0 0 0 310 -3.95355 5.83387 -4.37428e-14 -3.95355 0.79375 3.62303
311 0 0 0 311 -3.95355 5.03429 3.68594e-14 -3.95355 0.79375 3.04826
312 0 0 0 312 -3.95355 4.23472 1.82077e-14 -3.95355 0.79375 2.4735
313 0 0 0 313 -3.95355 3.43514 -5.55112e-16 -3.95355 0.79375 1.89873
314 0 0 0 314 -3.95355 2.63556 -1.90958e-14 -3.95355 0.79375 1.32396
315 0 0 0 315 -3.95355 1.83598 -3.78586e-14 -3.95355 0.79375 0.749195
400 0 0 1 0 -3.47755 92.8077 0.668128 -3.47755 93.2137 0.95997
401 0 0 1 1 -3.47755 92.274 0.859275 -3.47755 92.9478 1.34359
402 0 0 1 2 -3.47755 91.4745 0.859275 -3.47755 92.9478 1.91836
403 0 0 1 3 -3.47755 90.6749 0.859275 -3.47755 92.9478 2.49312
404 0 0 1 4 -3.47755 89.8753 0.859275 -3.47755 92.9478 3.06789
405 0 0 1 5 -3.47755 89.0757 0.859275 -3.47755 92.9478 3.64266
406 0 0 1 6 -3.47755 88.2762 0.859275 -3.47755 92.9478 4.21742
407 0 0 1 7 -3.47755 87.4766 0.859275 -3.47755 92.9478 4.79219
408 0 0 1 8 -3.47755 86.677 0.859275 -3.47755 92.9478 5.36696
409 0 0 1 9 -3.47755 85.8774 0.859275 -3.47755 92.9478 5.94172
410 0 0 1 10 -3.47755 85.0778 0.859275 -3.47755 92.9478 6.51649
411 0 0 1 11 -3.47755 84.2783 0.859275 -3.47755 92.9478 7.09126
412 0 0 1 12 -3.47755 83.4787 0.859275 -3.47755 92.9478 7.66602
413 0 0 1 13 -3.47755 82.6791 0.859275 -3.47755 92.9478 8.24079
414 0 0 1 14 -3.47755 81.8795 0.859275 -3.47755 92.9478 8.81556
415 0 0 1 15 -3.47755 81.08 0.859275 -3.47755 92.9478 9.39032
416 0 0 1 16 -3.47755 80.2804 0.859275 -3.47755 92.9478 9.96509
417 0 0 1 17 -3.47755 79.4808 0.859275 -3.47755 92.9478 10.5399
418 0 0 1 18 -3.47755 78.6812 0.859275 -3.47755 92.9478 11.1146
419 0 0 1 19 -3.47755 77.8816 0.859275 -3.47755 92.9478 11.6894
420 0 0 1 20 -3.47755 77.0821 0.859275 -3.47755 92.9478 12.2642
421 0 0 1 21 -3.47755 76.2825 0.859275 -3.47755 92.9478 12.8389
422 0 0 1 22 -3.47755 75.4829 0.859275 -3.47755 92.9478 13.4137
423 0 0 1 23 -3.47755 74.6833 0.859275 -3.47755 92.9478 13.9885
424 0 0 1 24 -3.47755 73.8838 0.859275 -3.47755 92.9478 14.5632
425 0 0 1 25 -3.47755 73.0842 0.859275 -3.47755 92.9478 15.138
426 0 0 1 26 -3.47755 72.2846 0.859275 -3.47755 92.9478 15.7128
427 0 0 1 27 -3.47755 71.485 0.859275 -3.47755 92.9478 16.2875
428 0 0 1 28 -3.47755 70.6854 0.859275 -3.47755 92.9478 16.8623
429 0 0 1 29 -3.47755 69.8859 0.859275 -3.47755 92.9478 17.4371
430 0 0 1 30 -3.47755 69.0863 0.859275 -3.47755 92.9478 18.0118
431 0 0 1 31 -3.47755 68.2867 0.859275 -3.47755 92.9478 18.5866
432 0 0 1 32 -3.47755 67.4871 0.859275 -3.47755 92.9478 19.1614
433 0 0 1 33 -3.47755 66.6876 0.859275 -3.47755 92.9478 19.7361
434 0 0 1 34 -3.47755 65.888 0.859275 -3.47755 92.9478 20.3109
435 0 0 1 35 -3.47755 65.0884 0.859275 -3.47755 92.9478 20.8857
436 0 0 1 36 -3.47755 64.2888 0.859275 -3.47755 92.9478 21.4604
437 0 0 1 37 -3.47755 63.4892 0.859275 -3.47755 92.9478 22.0352
438 0 0 1 38 -3.47755 62.6897 0.859275 -3.47755 92.9478 22.61
439 0 0 1 39 -3.47755 61.8901 0.859275 -3.47755 92.9478 23.1847
440 0 0 1 40 -3.47755 61.0905 0.859275 -3.47755 92.9478 23.7595
441 0 0 1 41 -3.47755 60.2909 0.859275 -3.47755 92.9478 24.3343
442 0 0 1 42 -3.47755 59.4913 0.859275 -3.47755 92.9478 24.909
443 0 0 1 43 -3.47755 58.6918 0.859275 -3.47755 92.9478 25.4838
444 0 0 1 44 -3.47755 57.8922 0.859275 -3.47755 92.9478 26.0586
445 0 0 1 45 -3.47755 57.0926 0.859275 -3.47755 92.9478 26.6333
446 0 0 1 46 -3.47755 56.293 0.859275 -3.47755 92.9478 27.2081
447 0 0 1 47 -3.47755 55.4935 0.859275 -3.47755 92.9478 27.7829
448 0 0 1 48 -3.47755 54.6939 0.859275 -3.47755 92.9478 28.3576
449 0 0 1 49 -3.47755 53.8943 0.859275 -3.47755 92.9478 28.9324
450 0 0 1 50 -3.47755 53.0947 0.859275 -3.47755 92.9478 29.5072
451 0 0 1 51 -3.47755 52.2951 0.859275 -3.47755 92.9478 30.0819
452 0 0 1 52 -3.47755 51.4956 0.859275 -3.47755 92.9478 30.6567
453 0 0 1 53 -3.47755 50.696 0.859275 -3.47755 92.9478 31.2315
454 0 0 1 54 -3.47755 49.8964 0.859275 -3.47755 92.9478 31.8062
455 0 0 1 55 -3.47755 49.0968 0.859275 -3.47755 92.9478 32.381
456 0 0 1 56 -3.47755 48.2973 0.859275 -3.47755 92.9478 32.9558
457 0 0 1 57 -3.47755 47.4977 0.859275 -3.47755 92.9478 33.5305
458 0 0 1 58 -3.47755 46.6981 0.859275 -3.47755 92.9478 34.1053
459 0 0 1 59 -3.47755 45.8985 0.859275 -3.47755 92.9478 34.6801
460 0 0 1 60 -3.47755 45.0989 0.859275 -3.47755 92.9478 35.2548
461 0 0 1 61 -3.47755 44.2994 0.859275 -3.47755 92.9478 35.8296
462 0 0 1 62 -3.47755 43.4998 0.859275 -3.47755 92.9478 36.4044
463 0 0 1 63 -3.47755 42.7002 0.859275 -3.47755 92.9478 36.9791
464 0 0 1 64 -3.47755 41.9006 0.859275 -3.47755 92.9478 37.5539
465 0 0 1 65 -3.47755 41.1011 0.859275 -3.47755 92.9478 38.1287
466 0 0 1 66 -3.47755 40.3015 0.859275 -3.47755 92.9478 38.7034
467 0 0 1 67 -3.47755 39.5019 0.859275 -3.47755 92.9478 39.2782
468 0 0 1 68 -3.47755 38.7023 0.859275 -3.47755 92.9478 39.853
469 0 0 1 69 -3.47755 37.9027 0.859275 -3.47755 92.9478 40.4277
470 0 0 1 70 -3.47755 37.1032 0.859275 -3.47755 92.9478 41.0025
471 0 0 1 71 -3.47755 36.3036 0.859275 -3.47755 92.9478 41.5773
472 0 0 1 72 -3.47755 35.504 0.859275 -3.47755 92.9478 42.152
473 0 0 1 73 -3.47755 34.7044 0.859275 -3.47755 92.9478 42.7268
474 0 0 1 74 -3.47755 33.9049 0.859275 -3.47755 92.9478 43.3016
475 0 0 1 75 -3.47755 33.1053 0.859275 -3.47755 92.9478 43.8763
476 0 0 1 76 -3.47755 32.3057 0.859275 -3.47755 92.9478 44.4511
477 0 0 1 77 -3.47755 31.5061 0.859275 -3.47755 92.9478 45.0259
478 0 0 1 78 -3.47755 30.7065 0.859275 -3.47755 92.9478 45.6006
479 0 0 1 79 -3.47755 29.907 0.859275 -3.47755 92.9478 46.1754
480 0 0 1 80 -3.47755 29.1074 0.859275 -3.47755 92.9478 46.7502
481 0 0 1 81 -3.47755 28.3078 0.859275 -3.47755 92.9478 47.3249
482 0 0 1 82 -3.47755 27.5082 0.859275 -3.47755 92.9478 47.8997
483 0 0 1 83 -3.47755 26.7087 0.859275 -3.47755 92.9478 48.4745
484 0 0 1 84 -3.47755 25.9091 0.859275 -3.47755 92.9478 49.0492
485 0 0 1 85 -3.47755 25.1095 0.859275 -3.47755 92.9478 49.624
486 0 0 1 86 -3.47755 24.3099 0.859275 -3.47755 92.9478 50.1988
487 0 0 1 87 -3.47755 23.5103 0.859275 -3.47755 92.9478 50.7735
488 0 0 1 88 -3.47755 22.7108 0.859275 -3.47755 92.9478 51.3483
489 0 0 1 89 -3.47755 21.9112 0.859275 -3.47755 92.9478 51.9231
490 0 0 1 90 -3.47755 21.1116 0.859275 -3.47755 92.9478 52.4978
491 0 0 1 91 -3.47755 20.312 0.859275 -3.47755 92.9478 53.0726
492 0 0 1 92 -3.47755 19.5125 0.859275 -3.47755 92.9478 53.6474
493 0 0 1 93 -3.47755 18.7129 0.859275 -3.47755 92.9478 54.2221
494 0 0 1 94 -3.47755 17.9133 0.859275 -3.47755 92.9478 54.7969
495 0 0 1 95 -3.47755 17.1137 0.859275 -3.47755 92.9478 55.3717
496 0 0 1 96 -3.47755 16.3141 0.859275 -3.47755 92.9478 55.9464
497 0 0 1 97 -3.47755 15.5146 0.859275 -3.47755 92.9478 56.5212
498 0 0 1 98 -3.47755 14.715 0.859275 -3.47755 92.9478 57.096
499 0 0 1 99 -3.47755 13.9154 0.859275 -3.47755 92.9478 57.6707
500 0 0 1 100 -3.47755 13.1158 0.859275 -3.47755 92.9478 58.2455
501 0 0 1 101 -3.47755 12.3163 0.859275 -3.47755 92.9478 58.8203
502 0 0 1 102 -3.47755 11.5167 0.859275 -3.47755 92.9478 59.395
503 0 0 1 103 -3.47755 10.7171 0.859275 -3.47755 92.9478 59.9698
504 0 0 1 104 -3.47755 9.91752 0.859275 -3.47755 92.9478 60.5446
505 0 0 1 105 -3.47755 9.11794 0.859275 -3.47755 92.9478 61.1193
506 0 0 1 106 -3.47755 8.31836 0.859275 -3.47755 92.9478 61.6941
507 0 0 1 107 -3.47755 7.51878 0.859275 -3.47755 92.9478 62.2689
508 0 0 1 108 -3.47755 6.71921 0.859275 -3.47755 92.9478 62.8436
509 0 0 1 109 -3.47755 5.91963 0.859275 -3.47755 92.9478 63.4184
510 0 0 1 110 -3.47755 5.12005 0.859275 -3.47755 92.9478 63.9932
511 0 0 1 111 -3.47755 4.32047 0.859275 -3.47755 92.9478 64.5679
512 0 0 1 112 -3.47755 3.52089 0.859275 -3.47755 92.9478 65.1427
513 0 0 1 113 -3.47755 2.72132 0.859275 -3.47755 92.9478 65.7175
514 0 0 1 114 -3.47755 1.92174 0.859275 -3.47755 92.9478 66.2922
515 0 0 1 115 -3.47755 1.08102 0.829698 -3.47755 92.9889 66.8966
516 0 0 1 116 -3.47755 1.08102 1.40447 -3.47755 92.9889 67.4713
517 0 0 1 117 -3.47755 1.08102 1.97923 -3.47755 92.9889 68.0461
518 0 0 1 118 -3.47755 1.08102 2.554 -3.47755 92.9889 68.6209
519 0 0 1 119 -3.47755 1.08102 3.12877 -3.47755 92.9889 69.1956
520 0 0 1 120 -3.47755 1.08102 3.70353 -3.47755 92.9889 69.7704
521 0 0 1 121 -3.47755 1.08102 4.2783 -3.47755 92.9889 70.3452
522 0 0 1 122 -3.47755 1.08102 4.85307 -3.47755 92.9889 70.9199
523 0 0 1 123 -3.47755 1.08102 5.42783 -3.47755 92.9889 71.4947
524 0 0 1 124 -3.47755 1.08102 6.0026 -3.47755 92.9889 72.0695
525 0 0 1 125 -3.47755 1.08102 6.57737 -3.47755 92.9889 72.6442
526 0 0 1 126 -3.47755 1.08102 7.15213 -3.47755 92.9889 73.219
527 0 0 1 127 -3.47755 1.08102 7.7269 -3.47755 92.9889 73.7938
528 0 0 1 128 -3.47755 1.08102 8.30167 -3.47755 92.9889 74.3685
529 0 0 1 129 -3.47755 1.08102 8.87643 -3.47755 92.9889 74.9433
530 0 0 1 130 -3.47755 1.08102 9.4512 -3.47755 92.9889 75.5181
531 0 0 1 131 -3.47755 1.08102 10.026 -3.47755 92.9889 76.0928
532 0 0 1 132 -3.47755 1.08102 10.6007 -3.47755 92.9889 76.6676
533 0 0 1 133 -3.47755 1.08102 11.1755 -3.47755 92.9889 77.2424
534 0 0 1 134 -3.47755 1.08102 11.7503 -3.47755 92.9889 77.8171
535 0 0 1 135 -3.47755 1.08102 12.325 -3.47755 92.9889 78.3919
536 0 0 1 136 -3.47755 1.08102 12.8998 -3.47755 92.9889 78.9667
537 0 0 1 137 -3.47755 1.08102 13.4746 -3.47755 92.9889 79.5414
538 0 0 1 138 -3.47755 1.08102 14.0493 -3.47755 92.9889 80.1162
539 0 0 1 139 -3.47755 1.08102 14.6241 -3.47755 92.9889 80.691
540 0 0 1 140 -3.47755 1.08102 15.1989 -3.47755 92.9889 81.2657
541 0 0 1 141 -3.47755 1.08102 15.7736 -3.47755 92.9889 81.8405
542 0 0 1 142 -3.47755 1.08102 16.3484 -3.47755 92.9889 82.4153
543 0 0 1 143 -3.47755 1.08102 16.9232 -3.47755 92.9889 82.99
544 0 0 1 144 -3.47755 1.08102 17.4979 -3.47755 92.9889 83.5648
545 0 0 1 145 -3.47755 1.08102 18.0727 -3.47755 92.9889 84.1396
546 0 0 1 146 -3.47755 1.08102 18.6475 -3.47755 92.9889 84.7143
547 0 0 1 147 -3.47755 1.08102 19.2222 -3.47755 92.9889 85.2891
548 0 0 1 148 -3.47755 1.08102 19.797 -3.47755 92.9889 85.8639
549 0 0 1 149 -3.47755 1.08102 20.3718 -3.47755 92.9889 86.4386
550 0 0 1 150 -3.47755 1.08102 20.9465 -3.47755 92.9889 87.0134
551 0 0 1 151 -3.47755 1.08102 21.5213 -3.47755 92.9889 87.5882
552 0 0 1 152 -3.47755 1.08102 22.0961 -3.47755 92.9889 88.1629
553 0 0 1 153 -3.47755 1.08102 22.6708 -3.47755 92.9889 88.7377
554 0 0 1 154 -3.47755 1.08102 23.2456 -3.47755 92.9889 89.3125
555 0 0 1 155 -3.47755 1.08102 23.8204 -3.47755 92.9889 89.8872
556 0 0 1 156 -3.47755 1.08102 24.3951 -3.47755 92.9889 90.462
557 0 0 1 157 -3.47755 1.08102 24.9699 -3.47755 92.9889 91.0368
558 0 0 1 158 -3.47755 1.08102 25.5447 -3.47755 92.9889 91.6115
559 0 0 1 159 -3.47755 1.08102 26.1194 -3.47755 92.9889 92.1863
560 0 0 1 160 -3.47755 1.08102 26.6942 -3.47755 92.9889 92.7611
561 0 0 1 161 -3.47755 1.08102 27.269 -3.47755 92.9889 93.3358
562 0 0 1 162 -3.47755 1.08102 27.8437 -3.47755 92.9889 93.9106
563 0 0 1 163 -3.47755 1.08102 28.4185 -3.47755 92.9889 94.4854
564 0 0 1 164 -3.47755 1.08102 28.9933 -3.47755 92.9889 95.0601
565 0 0 1 165 -3.47755 1.08102 29.568 -3.47755 92.9889 95.6349
566 0 0 1 166 -3.47755 1.08102 30.1428 -3.47755 92.9889 96.2097
567 0 0 1 167 -3.47755 1.08102 30.7176 -3.47755 92.9889 96.7844
568 0 0 1 168 -3.47755 1.08102 31.2923 -3.47755 92.9889 97.3592
569 0 0 1 169 -3.47755 1.08102 31.8671 -3.47755 92.9889 97.934
570 0 0 1 170 -3.47755 1.08102 32.4419 -3.47755 92.9889 98.5087
571 0 0 1 171 -3.47755 1.08102 33.0166 -3.47755 92.9889 99.0835
572 0 0 1 172 -3.47755 1.08102 33.5914 -3.47755 92.9889 99.6583
573 0 0 1 173 -3.47755 1.08102 34.1662 -3.47755 92.9889 100.233
574 0 0 1 174 -3.47755 1.08102 34.7409 -3.47755 92.9889 100.808
575 0 0 1 175 -3.47755 1.08102 35.3157 -3.47755 92.9889 101.383
576 0 0 1 176 -3.47755 1.08102 35.8905 -3.47755 92.9889 101.957
577 0 0 1 177 -3.47755 1.08102 36.4652 -3.47755 92.9889 102.532
578 0 0 1 178 -3.47755 1.08102 37.04 -3.47755 92.9889 103.107
579 0 0 1 179 -3.47755 1.08102 37.6148 -3.47755 92.9889 103.682
580 0 0 1 180 -3.47755 1.08102 38.1895 -3.47755 92.9889 104.256
581 0 0 1 181 -3.47755 1.08102 38.7643 -3.47755 92.9889 104.831
582 0 0 1 182 -3.47755 1.08102 39.3391 -3.47755 92.9889 105.406
583 0 0 1 183 -3.47755 1.08102 39.9138 -3.47755 92.9889 105.981
584 0 0 1 184 -3.47755 1.08102 40.4886 -3.47755 92.9889 106.555
585 0 0 1 185 -3.47755 1.08102 41.0634 -3.47755 92.9889 107.13
586 0 0 1 186 -3.47755 1.08102 41.6381 -3.47755 92.9889 107.705
587 0 0 1 187 -3.47755 1.08102 42.2129 -3.47755 92.9889 108.28
588 0 0 1 188 -3.47755 1.08102 42.7877 -3.47755 92.9889 108.855
589 0 0 1 189 -3.47755 1.08102 43.3624 -3.47755 92.9889 109.429
590 0 0 1 190 -3.47755 1.08102 43.9372 -3.47755 92.9889 110.004
591 0 0 1 191 -3.47755 1.08102 44.512 -3.47755 92.9889 110.579
592 0 0 1 192 -3.47755 1.08102 45.0867 -3.47755 92.9889 111.154
593 0 0 1 193 -3.47755 1.08102 45.6615 -3.47755 92.9889 111.728
594 0 0 1 194 -3.47755 1.08102 46.2363 -3.47755 92.9889 112.303
595 0 0 1 195 -3.47755 1.08102 46.811 -3.47755 92.9889 112.878
596 0 0 1 196 -3.47755 1.08102 47.3858 -3.47755 92.9889 113.453
597 0 0 1 197 -3.47755 1.08102 47.9606 -3.47755 92.9889 114.027
598 0 0 1 198 -3.47755 1.08102 48.5353 -3.47755 92.9889 114.602
599 0 0 1 199 -3.47755 1.08102 49.1101 -3.47755 92.9889 115.177
600 0 0 1 200 -3.47755 1.11125 49.7066 -3.47755 92.9587 115.73
601 0 0 1 201 -3.47755 1.11125 50.2814 -3.47755 92.1591 115.73
602 0 0 1 202 -3.47755 1.11125 50.8561 -3.47755 91.3595 115.73
603 0 0 1 203 -3.47755 1.11125 51.4309 -3.47755 90.56 115.73
604 0 0 1 204 -3.47755 1.11125 52.0057 -3.47755 89.7604 115.73
605 0 0 1 205 -3.47755 1.11125 52.5804 -3.47755 88.9608 115.73
606 0 0 1 206 -3.47755 1.11125 53.1552 -3.47755 88.1612 115.73
607 0 0 1 207 -3.47755 1.11125 53.73 -3.47755 87.3617 115.73
608 0 0 1 208 -3.47755 1.11125 54.3047 -3.47755 86.5621 115.73
609 0 0 1 209 -3.47755 1.11125 54.8795 -3.47755 85.7625 115.73
610 0 0 1 210 -3.47755 1.11125 55.4543 -3.47755 84.9629 115.73
611 0 0 1 211 -3.47755 1.11125 56.029 -3.47755 84.1633 115.73
612 0 0 1 212 -3.47755 1.11125 56.6038 -3.47755 83.3638 115.73
613 0 0 1 213 -3.47755 1.11125 57.1786 -3.47755 82.5642 115.73
614 0 0 1 214 -3.47755 1.11125 57.7533 -3.47755 81.7646 115.73
615 0 0 1 215 -3.47755 1.11125 58.3281 -3.47755 80.965 115.73
616 0 0 1 216 -3.47755 1.11125 58.9029 -3.47755 80.1655 115.73
617 0 0 1 217 -3.47755 1.11125 59.4776 -3.47755 79.3659 115.73
618 0 0 1 218 -3.47755 1.11125 60.0524 -3.47755 78.5663 115.73
619 0 0 1 219 -3.47755 1.11125 60.6272 -3.47755 77.7667 115.73
620 0 0 1 220 -3.47755 1.11125 61.2019 -3.47755 76.9671 115.73
621 0 0 1 221 -3.47755 1.11125 61.7767 -3.47755 76.1676 115.73
622 0 0 1 222 -3.47755 1.11125 62.3515 -3.47755 75.368 115.73
623 0 0 1 223 -3.47755 1.11125 62.9262 -3.47755 74.5684 115.73
624 0 0 1 224 -3.47755 1.11125 63.501 -3.47755 73.7688 115.73
625 0 0 1 225 -3.47755 1.11125 64.0758 -3.47755 72.9693 115.73
626 0 0 1 226 -3.47755 1.11125 64.6505 -3.47755 72.1697 115.73
627 0 0 1 227 -3.47755 1.11125 65.2253 -3.47755 71.3701 115.73
628 0 0 1 228 -3.47755 1.11125 65.8001 -3.47755 70.5705 115.73
629 0 0 1 229 -3.47755 1.11125 66.3748 -3.47755 69.7709 115.73
630 0 0 1 230 -3.47755 1.11125 66.9496 -3.47755 68.9714 115.73
631 0 0 1 231 -3.47755 1.11125 67.5244 -3.47755 68.1718 115.73
632 0 0 1 232 -3.47755 1.11125 68.0991 -3.47755 67.3722 115.73
633 0 0 1 233 -3.47755 1.11125 68.6739 -3.47755 66.5726 115.73
634 0 0 1 234 -3.47755 1.11125 69.2487 -3.47755 65.7731 115.73
635 0 0 1 235 -3.47755 1.11125 69.8234 -3.47755 64.9735 115.73
636 0 0 1 236 -3.47755 1.11125 70.3982 -3.47755 64.1739 115.73
637 0 0 1 237 -3.47755 1.11125 70.973 -3.47755 63.3743 115.73
638 0 0 1 238 -3.47755 1.11125 71.5477 -3.47755 62.5747 115.73
639 0 0 1 239 -3.47755 1.11125 72.1225 -3.47755 61.7752 115.73
640 0 0 1 240 -3.47755 1.11125 72.6973 -3.47755 60.9756 115.73
641 0 0 1 241 -3.47755 1.11125 73.272 -3.47755 60.176 115.73
642 0 0 1 242 -3.47755 1.11125 73.8468 -3.47755 59.3764 115.73
643 0 0 1 243 -3.47755 1.11125 74.4216 -3.47755 58.5769 115.73
644 0 0 1 244 -3.47755 1.11125 74.9963 -3.47755 57.7773 115.73
645 0 0 1 245 -3.47755 1.11125 75.5711 -3.47755 56.9777 115.73
646 0 0 1 246 -3.47755 1.11125 76.1459 -3.47755 56.1781 115.73
647 0 0 1 247 -3.47755 1.11125 76.7206 -3.47755 55.3785 115.73
648 0 0 1 248 -3.47755 1.11125 77.2954 -3.47755 54.579 115.73
649 0 0 1 249 -3.47755 1.11125 77.8702 -3.47755 53.7794 115.73
650 0 0 1 250 -3.47755 1.11125 78.4449 -3.47755 52.9798 115.73
651 0 0 1 251 -3.47755 1.11125 79.0197 -3.47755 52.1802 115.73
652 0 0 1 252 -3.47755 1.11125 79.5945 -3.47755 51.3806 115.73
653 0 0 1 253 -3.47755 1.11125 80.1692 -3.47755 50.5811 115.73
654 0 0 1 254 -3.47755 1.11125 80.744 -3.47755 49.7815 115.73
655 0 0 1 255 -3.47755 1.11125 81.3188 -3.47755 48.9819 115.73
656 0 0 1 256 -3.47755 1.11125 81.8935 -3.47755 48.1823 115.73
657 0 0 1 257 -3.47755 1.11125 82.4683 -3.47755 47.3828 115.73
658 0 0 1 258 -3.47755 1.11125 83.0431 -3.47755 46.5832 115.73
659 0 0 1 259 -3.47755 1.11125 83.6178 -3.47755 45.7836 115.73
660 0 0 1 260 -3.47755 1.11125 84.1926 -3.47755 44.984 115.73
661 0 0 1 261 -3.47755 1.11125 84.7674 -3.47755 44.1844 115.73
662 0 0 1 262 -3.47755 1.11125 85.3421 -3.47755 43.3849 115.73
663 0 0 1 263 -3.47755 1.11125 85.9169 -3.47755 42.5853 115.73
664 0 0 1 264 -3.47755 1.11125 86.4917 -3.47755 41.7857 115.73
665 0 0 1 265 -3.47755 1.11125 87.0664 -3.47755 40.9861 115.73
666 0 0 1 266 -3.47755 1.11125 87.6412 -3.47755 40.1866 115.73
667 0 0 1 267 -3.47755 1.11125 88.216 -3.47755 39.387 115.73
668 0 0 1 268 -3.47755 1.11125 88.7907 -3.47755 38.5874 115.73
669 0 0 1 269 -3.47755 1.11125 89.3655 -3.47755 37.7878 115.73
670 0 0 1 270 -3.47755 1.11125 89.9403 -3.47755 36.9882 115.73
671 0 0 1 271 -3.47755 1.11125 90.515 -3.47755 36.1887 115.73
672 0 0 1 272 -3.47755 1.11125 91.0898 -3.47755 35.3891 115.73
673 0 0 1 273 -3.47755 1.11125 91.6646 -3.47755 34.5895 115.73
674 0 0 1 274 -3.47755 1.11125 92.2393 -3.47755 33.7899 115.73
675 0 0 1 275 -3.47755 1.11125 92.8141 -3.47755 32.9904 115.73
676 0 0 1 276 -3.47755 1.11125 93.3889 -3.47755 32.1908 115.73
677 0 0 1 277 -3.47755 1.11125 93.9636 -3.47755 31.3912 115.73
678 0 0 1 278 -3.47755 1.11125 94.5384 -3.47755 30.5916 115.73
679 0 0 1 279 -3.47755 1.11125 95.1132 -3.47755 29.792 115.73
680 0 0 1 280 -3.47755 1.11125 95.6879 -3.47755 28.9925 115.73
681 0 0 1 281 -3.47755 1.11125 96.2627 -3.47755 28.1929 115.73
682 0 0 1 282 -3.47755 1.11125 96.8375 -3.47755 27.3933 115.73
683 0 0 1 283 -3.47755 1.11125 97.4122 -3.47755 26.5937 115.73
684 0 0 1 284 -3.47755 1.11125 97.987 -3.47755 25.7942 115.73
685 0 0 1 285 -3.47755 1.11125 98.5618 -3.47755 24.9946 115.73
686 0 0 1 286 -3.47755 1.11125 99.1365 -3.47755 24.195 115.73
687 0 0 1 287 -3.47755 1.11125 99.7113 -3.47755 23.3954 115.73
688 0 0 1 288 -3.47755 1.11125 100.286 -3.47755 22.5958 115.73
689 0 0 1 289 -3.47755 1.11125 100.861 -3.47755 21.7963 115.73
690 0 0 1 290 -3.47755 1.11125 101.436 -3.47755 20.9967 115.73
691 0 0 1 291 -3.47755 1.11125 102.01 -3.47755 20.1971 115.73
692 0 0 1 292 -3.47755 1.11125 102.585 -3.47755 19.3975 115.73
693 0 0 1 293 -3.47755 1.11125 103.16 -3.47755 18.598 115.73
694 0 0 1 294 -3.47755 1.11125 103.735 -3.47755 17.7984 115.73
695 0 0 1 295 -3.47755 1.11125 104.309 -3.47755 16.9988 115.73
696 0 0 1 296 -3.47755 1.11125 104.884 -3.47755 16.1992 115.73
697 0 0 1 297 -3.47755 1.11125 105.459 -3.47755 15.3996 115.73
698 0 0 1 298 -3.47755 1.11125 106.034 -3.47755 14.6001 115.73
699 0 0 1 299 -3.47755 1.11125 106.608 -3.47755 13.8005 115.73
700 0 0 1 300 -3.47755 1.11125 107.183 -3.47755 13.0009 115.73
701 0 0 1 301 -3.47755 1.11125 107.758 -3.47755 12.2013 115.73
702 0 0 1 302 -3.47755 1.11125 108.333 -3.47755 11.4018 115.73
703 0 0 1 303 -3.47755 1.11125 108.908 -3.47755 10.6022 115.73
704 0 0 1 304 -3.47755 1.11125 109.482 -3.47755 9.8026 115.73
705 0 0 1 305 -3.47755 1.11125 110.057 -3.47755 9.00302 115.73
706 0 0 1 306 -3.47755 1.11125 110.632 -3.47755 8.20344 115.73
707 0 0 1 307 -3.47755 1.11125 111.207 -3.47755 7.40386 115.73
708 0 0 1 308 -3.47755 1.11125 111.781 -3.47755 6.60429 115.73
709 0 0 1 309 -3.47755 1.11125 112.356 -3.47755 5.80471 115.73
710 0 0 1 310 -3.47755 1.11125 112.931 -3.47755 5.00513 115.73
711 0 0 1 311 -3.47755 1.11125 113.506 -3.47755 4.20555 115.73
712 0 0 1 312 -3.47755 1.11125 114.08 -3.47755 3.40597 115.73
713 0 0 1 313 -3.47755 1.11125 114.655 -3.47755 2.6064 115.73
714 0 0 1 314 -3.47755 1.11125 115.23 -3.47755 1.80682 115.73
800 0 0 2 0 -3.00155 1.42875 0.78325 -3.00155 93.8187 0.78325
801 0 0 2 1 -3.00155 1.42875 1.26225 -3.00155 93.8187 1.26225
802 0 0 2 2 -3.00155 1.42875 1.74125 -3.00155 93.8187 1.74125
803 0 0 2 3 -3.00155 1.42875 2.22025 -3.00155 93.8187 2.22025
804 0 0 2 4 -3.00155 1.42875 2.69925 -3.00155 93.8187 2.69925
805 0 0 2 5 -3.00155 1.42875 3.17825 -3.00155 93.8187 3.17825
806 0 0 2 6 -3.00155 1.42875 3.65725 -3.00155 93.8187 3.65725
807 0 0 2 7 -3.00155 1.42875 4.13625 -3.00155 93.8187 4.13625
808 0 0 2 8 -3.00155 1.42875 4.61525 -3.00155 93.8187 4.61525
809 0 0 2 9 -3.00155 1.42875 5.09425 -3.00155 93.8187 5.09425
810 0 0 2 10 -3.00155 1.42875 5.57325 -3.00155 93.8187 5.57325
811 0 0 2 11 -3.00155 1.42875 6.05225 -3.00155 93.8187 6.05225
812 0 0 2 12 -3.00155 1.42875 6.53125 -3.00155 93.8187 6.53125
813 0 0 2 13 -3.00155 1.42875 7.01025 -3.00155 93.8187 7.01025
814 0 0 2 14 -3.00155 1.42875 7.48925 -3.00155 93.8187 7.48925
815 0 0 2 15 -3.00155 1.42875 7.96825 -3.00155 93.8187 7.96825
816 0 0 2 16 -3.00155 1.42875 8.44725 -3.00155 93.8187 8.44725
817 0 0 2 17 -3.00155 1.42875 8.92625 -3.00155 93.8187 8.92625
818 0 0 2 18 -3.00155 1.42875 9.40525 -3.00155 93.8187 9.40525
819 0 0 2 19 -3.00155 1.42875 9.88425 -3.00155 93.8187 9.88425
820 0 0 2 20 -3.00155 1.42875 10.3633 -3.00155 93.8187 10.3632
821 0 0 2 21 -3.00155 1.42875 10.8423 -3.00155 93.8187 10.8422
822 0 0 2 22 -3.00155 1.42875 11.3213 -3.00155 93.8187 11.3212
823 0 0 2 23 -3.00155 1.42875 11.8003 -3.00155 93.8187 11.8002
824 0 0 2 24 -3.00155 1.42875 12.2793 -3.00155 93.8187 12.2792
825 0 0 2 25 -3.00155 1.42875 12.7583 -3.00155 93.8187 12.7582
826 0 0 2 26 -3.00155 1.42875 13.2373 -3.00155 93.8187 13.2372
827 0 0 2 27 -3.00155 1.42875 13.7163 -3.00155 93.8187 13.7162
828 0 0 2 28 -3.00155 1.42875 14.1953 -3.00155 93.8187 14.1952
829 0 0 2 29 -3.00155 1.42875 14.6743 -3.00155 93.8187 14.6742
830 0 0 2 30 -3.00155 1.42875 15.1533 -3.00155 93.8187 15.1532
831 0 0 2 31 -3.00155 1.42875 15.6323 -3.00155 93.8187 15.6322
832 0 0 2 32 -3.00155 1.42875 16.1113 -3.00155 93.8187 16.1112
833 0 0 2 33 -3.00155 1.42875 16.5903 -3.00155 93.8187 16.5902
834 0 0 2 34 -3.00155 1.42875 17.0693 -3.00155 93.8187 17.0692
835 0 0 2 35 -3.00155 1.42875 17.5483 -3.00155 93.8187 17.5482
836 0 0 2 36 -3.00155 1.42875 18.0273 -3.00155 93.8187 18.0272
837 0 0 2 37 -3.00155 1.42875 18.5063 -3.00155 93.8187 18.5062
838 0 0 2 38 -3.00155 1.42875 18.9853 -3.00155 93.8187 18.9852
839 0 0 2 39 -3.00155 1.42875 19.4643 -3.00155 93.8187 19.4642
840 0 0 2 40 -3.00155 1.42875 19.9433 -3.00155 93.8187 19.9432
841 0 0 2 41 -3.00155 1.42875 20.4223 -3.00155 93.8187 20.4222
842 0 0 2 42 -3.00155 1.42875 20.9013 -3.00155 93.8187 20.9012
843 0 0 2 43 -3.00155 1.42875 21.3803 -3.00155 93.8187 21.3802
844 0 0 2 44 -3.00155 1.42875 21.8593 -3.00155 93.8187 21.8592
845 0 0 2 45 -3.00155 1.42875 22.3383 -3.00155 93.8187 22.3382
846 0 0 2 46 -3.00155 1.42875 22.8173 -3.00155 93.8187 22.8172
847 0 0 2 47 -3.00155 1.42875 23.2963 -3.00155 93.8187 23.2962
848 0 0 2 48 -3.00155 1.42875 23.7753 -3.00155 93.8187 23.7752
849 0 0 2 49 -3.00155 1.42875 24.2543 -3.00155 93.8187 24.2542
850 0 0 2 50 -3.00155 1.42875 24.7333 -3.00155 93.8187 24.7332
851 0 0 2 51 -3.00155 1.42875 25.2123 -3.00155 93.8187 25.2122
852 0 0 2 52 -3.00155 1.42875 25.6913 -3.00155 93.8187 25.6912
853 0 0 2 53 -3.00155 1.42875 26.1703 -3.00155 93.8187 26.1702
854 0 0 2 54 -3.00155 1.42875 26.6493 -3.00155 93.8187 26.6492
855 0 0 2 55 -3.00155 1.42875 27.1283 -3.00155 93.8187 27.1282
856 0 0 2 56 -3.00155 1.42875 27.6073 -3.00155 93.8187 27.6072
857 0 0 2 57 -3.00155 1.42875 28.0863 -3.00155 93.8187 28.0862
858 0 0 2 58 -3.00155 1.42875 28.5653 -3.00155 93.8187 28.5652
859 0 0 2 59 -3.00155 1.42875 29.0443 -3.00155 93.8187 29.0442
860 0 0 2 60 -3.00155 1.42875 29.5233 -3.00155 93.8187 29.5232
861 0 0 2 61 -3.00155 1.42875 30.0023 -3.00155 93.8187 30.0022
862 0 0 2 62 -3.00155 1.42875 30.4813 -3.00155 93.8187 30.4812
863 0 0 2 63 -3.00155 1.42875 30.9603 -3.00155 93.8187 30.9602
864 0 0 2 64 -3.00155 1.42875 31.4393 -3.00155 93.8187 31.4392
865 0 0 2 65 -3.00155 1.42875 31.9183 -3.00155 93.8187 31.9182
866 0 0 2 66 -3.00155 1.42875 32.3972 -3.00155 93.8187 32.3972
867 0 0 2 67 -3.00155 1.42875 32.8762 -3.00155 93.8187 32.8762
868 0 0 2 68 -3.00155 1.42875 33.3552 -3.00155 93.8187 33.3552
869 0 0 2 69 -3.00155 1.42875 33.8342 -3.00155 93.8187 33.8342
870 0 0 2 70 -3.00155 1.42875 34.3132 -3.00155 93.8187 34.3132
871 0 0 2 71 -3.00155 1.42875 34.7922 -3.00155 93.8187 34.7922
872 0 0 2 72 -3.00155 1.42875 35.2712 -3.00155 93.8187 35.2712
873 0 0 2 73 -3.00155 1.42875 35.7503 -3.00155 93.8187 35.7503
874 0 0 2 74 -3.00155 1.42875 36.2293 -3.00155 93.8187 36.2293
875 0 0 2 75 -3.00155 1.42875 36.7082 -3.00155 93.8187 36.7082
876 0 0 2 76 -3.00155 1.42875 37.1872 -3.00155 93.8187 37.1872
877 0 0 2 77 -3.00155 1.42875 37.6662 -3.00155 93.8187 37.6662
878 0 0 2 78 -3.00155 1.42875 38.1453 -3.00155 93.8187 38.1453
879 0 0 2 79 -3.00155 1.42875 38.6243 -3.00155 93.8187 38.6243
880 0 0 2 80 -3.00155 1.42875 39.1033 -3.00155 93.8187 39.1033
881 0 0 2 81 -3.00155 1.42875 39.5823 -3.00155 93.8187 39.5823
882 0 0 2 82 -3.00155 1.42875 40.0613 -3.00155 93.8187 40.0613
883 0 0 2 83 -3.00155 1.42875 40.5403 -3.00155 93.8187 40.5403
884 0 0 2 84 -3.00155 1.42875 41.0192 -3.00155 93.8187 41.0192
885 0 0 2 85 -3.00155 1.42875 41.4982 -3.00155 93.8187 41.4982
886 0 0 2 86 -3.00155 1.42875 41.9772 -3.00155 93.8187 41.9772
887 0 0 2 87 -3.00155 1.42875 42.4562 -3.00155 93.8187 42.4562
888 0 0 2 88 -3.00155 1.42875 42.9352 -3.00155 93.8187 42.9352
889 0 0 2 89 -3.00155 1.42875 43.4142 -3.00155 93.8187 43.4142
890 0 0 2 90 -3.00155 1.42875 43.8933 -3.00155 93.8187 43.8933
891 0 0 2 91 -3.00155 1.42875 44.3723 -3.00155 93.8187 44.3723
892 0 0 2 92 -3.00155 1.42875 44.8513 -3.00155 93.8187 44.8513
893 0 0 2 93 -3.00155 1.42875 45.3302 -3.00155 93.8187 45.3302
894 0 0 2 94 -3.00155 1.42875 45.8092 -3.00155 93.8187 45.8092
895 0 0 2 95 -3.00155 1.42875 46.2882 -3.00155 93.8187 46.2882
896 0 0 2 96 -3.00155 1.42875 46.7672 -3.00155 93.8187 46.7672
897 0 0 2 97 -3.00155 1.42875 47.2463 -3.00155 93.8187 47.2463
898 0 0 2 98 -3.00155 1.42875 47.7253 -3.00155 93.8187 47.7253
899 0 0 2 99 -3.00155 1.42875 48.2042 -3.00155 93.8187 48.2042
900 0 0 2 100 -3.00155 1.42875 48.6832 -3.00155 93.8187 48.6832
901 0 0 2 101 -3.00155 1.42875 49.1622 -3.00155 93.8187 49.1622
902 0 0 2 102 -3.00155 1.42875 49.6413 -3.00155 93.8187 49.6413
903 0 0 2 103 -3.00155 1.42875 50.1203 -3.00155 93.8187 50.1203
904 0 0 2 104 -3.00155 1.42875 50.5993 -3.00155 93.8187 50.5993
905 0 0 2 105 -3.00155 1.42875 51.0782 -3.00155 93.8187 51.0782
906 0 0 2 106 -3.00155 1.42875 51.5572 -3.00155 93.8187 51.5572
907 0 0 2 107 -3.00155 1.42875 52.0363 -3.00155 93.8187 52.0363
908 0 0 2 108 -3.00155 1.42875 52.5153 -3.00155 93.8187 52.5153
909 0 0 2 109 -3.00155 1.42875 52.9943 -3.00155 93.8187 52.9943
910 0 0 2 110 -3.00155 1.42875 53.4733 -3.00155 93.8187 53.4733
911 0 0 2 111 -3.00155 1.42875 53.9522 -3.00155 93.8187 53.9522
912 0 0 2 112 -3.00155 1.42875 54.4312 -3.00155 93.8187 54.4312
913 0 0 2 113 -3.00155 1.42875 54.9102 -3.00155 93.8187 54.9102
914 0 0 2 114 -3.00155 1.42875 55.3892 -3.00155 93.8187 55.3892
915 0 0 2 115 -3.00155 1.42875 55.8683 -3.00155 93.8187 55.8683
916 0 0 2 116 -3.00155 1.42875 56.3473 -3.00155 93.8187 56.3473
917 0 0 2 117 -3.00155 1.42875 56.8263 -3.00155 93.8187 56.8263
918 0 0 2 118 -3.00155 1.42875 57.3053 -3.00155 93.8187 57.3053
919 0 0 2 119 -3.00155 1.42875 57.7843 -3.00155 93.8187 57.7843
920 0 0 2 120 -3.00155 1.42875 58.2632 -3.00155 93.8187 58.2632
921 0 0 2 121 -3.00155 1.42875 58.7422 -3.00155 93.8187 58.7422
922 0 0 2 122 -3.00155 1.42875 59.2212 -3.00155 93.8187 59.2212
923 0 0 2 123 -3.00155 1.42875 59.7002 -3.00155 93.8187 59.7002
924 0 0 2 124 -3.00155 1.42875 60.1792 -3.00155 93.8187 60.1792
925 0 0 2 125 -3.00155 1.42875 60.6583 -3.00155 93.8187 60.6583
926 0 0 2 126 -3.00155 1.42875 61.1373 -3.00155 93.8187 61.1373
927 0 0 2 127 -3.00155 1.42875 61.6163 -3.00155 93.8187 61.6163
928 0 0 2 128 -3.00155 1.42875 62.0953 -3.00155 93.8187 62.0953
929 0 0 2 129 -3.00155 1.42875 62.5742 -3.00155 93.8187 62.5742
930 0 0 2 130 -3.00155 1.42875 63.0532 -3.00155 93.8187 63.0532
931 0 0 2 131 -3.00155 1.42875 63.5322 -3.00155 93.8187 63.5322
932 0 0 2 132 -3.00155 1.42875 64.0113 -3.00155 93.8187 64.0113
933 0 0 2 133 -3.00155 1.42875 64.4903 -3.00155 93.8187 64.4903
934 0 0 2 134 -3.00155 1.42875 64.9693 -3.00155 93.8187 64.9693
935 0 0 2 135 -3.00155 1.42875 65.4483 -3.00155 93.8187 65.4483
936 0 0 2 136 -3.00155 1.42875 65.9273 -3.00155 93.8187 65.9273
937 0 0 2 137 -3.00155 1.42875 66.4062 -3.00155 93.8187 66.4062
938 0 0 2 138 -3.00155 1.42875 66.8852 -3.00155 93.8187 66.8852
939 0 0 2 139 -3.00155 1.42875 67.3642 -3.00155 93.8187 67.3642
940 0 0 2 140 -3.00155 1.42875 67.8432 -3.00155 93.8187 67.8432
941 0 0 2 141 -3.00155 1.42875 68.3222 -3.00155 93.8187 68.3222
942 0 0 2 142 -3.00155 1.42875 68.8012 -3.00155 93.8187 68.8012
943 0 0 2 143 -3.00155 1.42875 69.2802 -3.00155 93.8187 69.2802
944 0 0 2 144 -3.00155 1.42875 69.7592 -3.00155 93.8187 69.7592
945 0 0 2 145 -3.00155 1.42875 70.2382 -3.00155 93.8187 70.2382
946 0 0 2 146 -3.00155 1.42875 70.7173 -3.00155 93.8187 70.7173
947 0 0 2 147 -3.00155 1.42875 71.1962 -3.00155 93.8187 71.1962
948 0 0 2 148 -3.00155 1.42875 71.6753 -3.00155 93.8187 71.6753
949 0 0 2 149 -3.00155 1.42875 72.1543 -3.00155 93.8187 72.1543
950 0 0 2 150 -3.00155 1.42875 72.6333 -3.00155 93.8187 72.6333
951 0 0 2 151 -3.00155 1.42875 73.1123 -3.00155 93.8187 73.1123
952 0 0 2 152 -3.00155 1.42875 73.5913 -3.00155 93.8187 73.5913
953 0 0 2 153 -3.00155 1.42875 74.0703 -3.00155 93.8187 74.0703
954 0 0 2 154 -3.00155 1.42875 74.5493 -3.00155 93.8187 74.5493
955 0 0 2 155 -3.00155 1.42875 75.0282 -3.00155 93.8187 75.0282
956 0 0 2 156 -3.00155 1.42875 75.5072 -3.00155 93.8187 75.5072
957 0 0 2 157 -3.00155 1.42875 75.9862 -3.00155 93.8187 75.9862
958 0 0 2 158 -3.00155 1.42875 76.4652 -3.00155 93.8187 76.4652
959 0 0 2 159 -3.00155 1.42875 76.9442 -3.00155 93.8187 76.9442
960 0 0 2 160 -3.00155 1.42875 77.4232 -3.00155 93.8187 77.4232
961 0 0 2 161 -3.00155 1.42875 77.9022 -3.00155 93.8187 77.9022
962 0 0 2 162 -3.00155 1.42875 78.3812 -3.00155 93.8187 78.3812
963 0 0 2 163 -3.00155 1.42875 78.8603 -3.00155 93.8187 78.8603
964 0 0 2 164 -3.00155 1.42875 79.3392 -3.00155 93.8187 79.3392
965 0 0 2 165 -3.00155 1.42875 79.8183 -3.00155 93.8187 79.8183
966 0 0 2 166 -3.00155 1.42875 80.2972 -3.00155 93.8187 80.2972
967 0 0 2 167 -3.00155 1.42875 80.7763 -3.00155 93.8187 80.7763
968 0 0 2 168 -3.00155 1.42875 81.2553 -3.00155 93.8187 81.2553
969 0 0 2 169 -3.00155 1.42875 81.7343 -3.00155 93.8187 81.7343
970 0 0 2 170 -3.00155 1.42875 82.2133 -3.00155 93.8187 82.2133
971 0 0 2 171 -3.00155 1.42875 82.6923 -3.00155 93.8187 82.6923
972 0 0 2 172 -3.00155 1.42875 83.1713 -3.00155 93.8187 83.1713
973 0 0 2 173 -3.00155 1.42875 83.6502 -3.00155 93.8187 83.6502
974 0 0 2 174 -3.00155 1.42875 84.1292 -3.00155 93.8187 84.1292
975 0 0 2 175 -3.00155 1.42875 84.6082 -3.00155 93.8187 84.6082
976 0 0 2 176 -3.00155 1.42875 85.0872 -3.00155 93.8187 85.0872
977 0 0 2 177 -3.00155 1.42875 85.5662 -3.00155 93.8187 85.5662
978 0 0 2 178 -3.00155 1.42875 86.0452 -3.00155 93.8187 86.0452
979 0 0 2 179 -3.00155 1.42875 86.5242 -3.00155 93.8187 86.5242
980 0 0 2 180 -3.00155 1.42875 87.0033 -3.00155 93.8187 87.0033
981 0 0 2 181 -3.00155 1.42875 87.4822 -3.00155 93.8187 87.4822
982 0 0 2 182 -3.00155 1.42875 87.9613 -3.00155 93.8187 87.9613
983 0 0 2 183 -3.00155 1.42875 88.4402 -3.00155 93.8187 88.4402
984 0 0 2 184 -3.00155 1.42875 88.9193 -3.00155 93.8187 88.9193
985 0 0 2 185 -3.00155 1.42875 89.3983 -3.00155 93.8187 89.3983
986 0 0 2 186 -3.00155 1.42875 89.8773 -3.00155 93.8187 89.8773
987 0 0 2 187 -3.00155 1.42875 90.3563 -3.00155 93.8187 90.3563
988 0 0 2 188 -3.00155 1.42875 90.8353 -3.00155 93.8187 90.8353
989 0 0 2 189 -3.00155 1.42875 91.3143 -3.00155 93.8187 91.3143
990 0 0 2 190 -3.00155 1.42875 91.7933 -3.00155 93.8187 91.7933
991 0 0 2 191 -3.00155 1.42875 92.2722 -3.00155 93.8187 92.2722
992 0 0 2 192 -3.00155 1.42875 92.7512 -3.00155 93.8187 92.7512
993 0 0 2 193 -3.00155 1.42875 93.2302 -3.00155 93.8187 93.2302
994 0 0 2 194 -3.00155 1.42875 93.7092 -3.00155 93.8187 93.7092
995 0 0 2 195 -3.00155 1.42875 94.1882 -3.00155 93.8187 94.1882
996 0 0 2 196 -3.00155 1.42875 94.6672 -3.00155 93.8187 94.6672
997 0 0 2 197 -3.00155 1.42875 95.1463 -3.00155 93.8187 95.1463
998 0 0 2 198 -3.00155 1.42875 95.6252 -3.00155 93.8187 95.6252
999 0 0 2 199 -3.00155 1.42875 96.1043 -3.00155 93.8187 96.1043
1000 0 0 2 200 -3.00155 1.42875 96.5832 -3.00155 93.8187 96.5832
1001 0 0 2 201 -3.00155 1.42875 97.0623 -3.00155 93.8187 97.0623
1002 0 0 2 202 -3.00155 1.42875 97.5412 -3.00155 93.8187 97.5412
1003 0 0 2 203 -3.00155 1.42875 98.0203 -3.00155 93.8187 98.0203
1004 0 0 2 204 -3.00155 1.42875 98.4992 -3.00155 93.8187 98.4992
1005 0 0 2 205 -3.00155 1.42875 98.9783 -3.00155 93.8187 98.9783
1006 0 0 2 206 -3.00155 1.42875 99.4573 -3.00155 93.8187 99.4573
1007 0 0 2 207 -3.00155 1.42875 99.9363 -3.00155 93.8187 99.9363
1008 0 0 2 208 -3.00155 1.42875 100.415 -3.00155 93.8187 100.415
1009 0 0 2 209 -3.00155 1.42875 100.894 -3.00155 93.8187 100.894
1010 0 0 2 210 -3.00155 1.42875 101.373 -3.00155 93.8187 101.373
1011 0 0 2 211 -3.00155 1.42875 101.852 -3.00155 93.8187 101.852
1012 0 0 2 212 -3.00155 1.42875 102.331 -3.00155 93.8187 102.331
1013 0 0 2 213 -3.00155 1.42875 102.81 -3.00155 93.8187 102.81
1014 0 0 2 214 -3.00155 1.42875 103.289 -3.00155 93.8187 103.289
1015 0 0 2 215 -3.00155 1.42875 103.768 -3.00155 93.8187 103.768
1016 0 0 2 216 -3.00155 1.42875 104.247 -3.00155 93.8187 104.247
1017 0 0 2 217 -3.00155 1.42875 104.726 -3.00155 93.8187 104.726
1018 0 0 2 218 -3.00155 1.42875 105.205 -3.00155 93.8187 105.205
1019 0 0 2 219 -3.00155 1.42875 105.684 -3.00155 93.8187 105.684
1020 0 0 2 220 -3.00155 1.42875 106.163 -3.00155 93.8187 106.163
1021 0 0 2 221 -3.00155 1.42875 106.642 -3.00155 93.8187 106.642
1022 0 0 2 222 -3.00155 1.42875 107.121 -3.00155 93.8187 107.121
1023 0 0 2 223 -3.00155 1.42875 107.6 -3.00155 93.8187 107.6
1024 0 0 2 224 -3.00155 1.42875 108.079 -3.00155 93.8187 108.079
1025 0 0 2 225 -3.00155 1.42875 108.558 -3.00155 93.8187 108.558
1026 0 0 2 226 -3.00155 1.42875 109.037 -3.00155 93.8187 109.037
1027 0 0 2 227 -3.00155 1.42875 109.516 -3.00155 93.8187 109.516
1028 0 0 2 228 -3.00155 1.42875 109.995 -3.00155 93.8187 109.995
1029 0 0 2 229 -3.00155 1.42875 110.474 -3.00155 93.8187 110.474
1030 0 0 2 230 -3.00155 1.42875 110.953 -3.00155 93.8187 110.953
1031 0 0 2 231 -3.00155 1.42875 111.432 -3.00155 93.8187 111.432
1032 0 0 2 232 -3.00155 1.42875 111.911 -3.00155 93.8187 111.911
1033 0 0 2 233 -3.00155 1.42875 112.39 -3.00155 93.8187 112.39
1034 0 0 2 234 -3.00155 1.42875 112.869 -3.00155 93.8187 112.869
1035 0 0 2 235 -3.00155 1.42875 113.348 -3.00155 93.8187 113.348
1036 0 0 2 236 -3.00155 1.42875 113.827 -3.00155 93.8187 113.827
1037 0 0 2 237 -3.00155 1.42875 114.306 -3.00155 93.8187 114.306
1038 0 0 2 238 -3.00155 1.42875 114.785 -3.00155 93.8187 114.785
1039 0 0 2 239 -3.00155 1.42875 115.264 -3.00155 93.8187 115.264
200 0 1 0 0 3.95355 93.5291 0.908485 3.95355 93.8031 1.10542
201 0 1 0 1 3.95355 92.7296 0.908485 3.95355 93.8031 1.68018
202 0 1 0 2 3.95355 91.93 0.908485 3.95355 93.8031 2.25495
203 0 1 0 3 3.95355 91.1304 0.908485 3.95355 93.8031 2.82972
204 0 1 0 4 3.95355 90.3308 0.908485 3.95355 93.8031 3.40448
205 0 1 0 5 3.95355 89.5312 0.908485 3.95355 93.8031 3.97925
206 0 1 0 6 3.95355 88.7317 0.908485 3.95355 93.8031 4.55402
207 0 1 0 7 3.95355 87.9321 0.908485 3.95355 93.8031 5.12878
208 0 1 0 8 3.95355 87.1325 0.908485 3.95355 93.8031 5.70355
209 0 1 0 9 3.95355 86.3329 0.908485 3.95355 93.8031 6.27832
210 0 1 0 10 3.95355 85.5334 0.908485 3.95355 93.8031 6.85308
211 0 1 0 11 3.95355 84.7338 0.908485 3.95355 93.8031 7.42785
212 0 1 0 12 3.95355 83.9342 0.908485 3.95355 93.8031 8.00262
213 0 1 0 13 3.95355 83.1346 0.908485 3.95355 93.8031 8.57738
214 0 1 0 14 3.95355 82.335 0.908485 3.95355 93.8031 9.15215
215 0 1 0 15 3.95355 81.5355 0.908485 3.95355 93.8031 9.72692
216 0 1 0 16 3.95355 80.7359 0.908485 3.95355 93.8031 10.3017
217 0 1 0 17 3.95355 79.9363 0.908485 3.95355 93.8031 10.8765
218 0 1 0 18 3.95355 79.1367 0.908485 3.95355 93.8031 11.4512
219 0 1 0 19 3.95355 78.3372 0.908485 3.95355 93.8031 12.026
220 0 1 0 20 3.95355 77.5376 0.908485 3.95355 93.8031 12.6008
221 0 1 0 21 3.95355 76.738 0.908485 3.95355 93.8031 13.1755
222 0 1 0 22 3.95355 75.9384 0.908485 3.95355 93.8031 13.7503
223 0 1 0 23 3.95355 75.1388 0.908485 3.95355 93.8031 14.3251
224 0 1 0 24 3.95355 74.3393 0.908485 3.95355 93.8031 14.8998
225 0 1 0 25 3.95355 73.5397 0.908485 3.95355 93.8031 15.4746
226 0 1 0 26 3.95355 72.7401 0.908485 3.95355 93.8031 16.0494
227 0 1 0 27 3.95355 71.9405 0.908485 3.95355 93.8031 16.6241
228 0 1 0 28 3.95355 71.141 0.908485 3.95355 93.8031 17.1989
229 0 1 0 29 3.95355 70.3414 0.908485 3.95355 93.8031 17.7737
230 0 1 0 30 3.95355 69.5418 0.908485 3.95355 93.8031 18.3484
231 0 1 0 31 3.95355 68.7422 0.908485 3.95355 93.8031 18.9232
232 0 1 0 32 3.95355 67.9426 0.908485 3.95355 93.8031 19.498
233 0 1 0 33 3.95355 67.1431 0.908485 3.95355 93.8031 20.0727
234 0 1 0 34 3.95355 66.3435 0.908485 3.95355 93.8031 20.6475
235 0 1 0 35 3.95355 65.5439 0.908485 3.95355 93.8031 21.2223
236 0 1 0 36 3.95355 64.7443 0.908485 3.95355 93.8031 21.797
237 0 1 0 37 3.95355 63.9448 0.908485 3.95355 93.8031 22.3718
238 0 1 0 38 3.95355 63.1452 0.908485 3.95355 93.8031 22.9466
239 0 1 0 39 3.95355 62.3456 0.908485 3.95355 93.8031 23.5213
240 0 1 0 40 3.95355 61.546 0.908485 3.95355 93.8031 24.0961
241 0 1 0 41 3.95355 60.7464 0.908485 3.95355 93.8031 24.6709
242 0 1 0 42 3.95355 59.9469 0.908485 3.95355 93.8031 25.2456
243 0 1 0 43 3.95355 59.1473 0.908485 3.95355 93.8031 25.8204
244 0 1 0 44 3.95355 58.3477 0.908485 3.95355 93.8031 26.3952
245 0 1 0 45 3.95355 57.5481 0.908485 3.95355 93.8031 26.9699
246 0 1 0 46 3.95355 56.7486 0.908485 3.95355 93.8031 27.5447
247 0 1 0 47 3.95355 55.949 0.908485 3.95355 93.8031 28.1195
248 0 1 0 48 3.95355 55.1494 0.908485 3.95355 93.8031 28.6942
249 0 1 0 49 3.95355 54.3498 0.908485 3.95355 93.8031 29.269
250 0 1 0 50 3.95355 53.5502 0.908485 3.95355 93.8031 29.8438
251 0 1 0 51 3.95355 52.7507 0.908485 3.95355 93.8031 30.4185
252 0 1 0 52 3.95355 51.9511 0.908485 3.95355 93.8031 30.9933
253 0 1 0 53 3.95355 51.1515 0.908485 3.95355 93.8031 31.5681
254 0 1 0 54 3.95355 50.3519 0.908485 3.95355 93.8031 32.1428
255 0 1 0 55 3.95355 49.5524 0.908485 3.95355 93.8031 32.7176
256 0 1 0 56 3.95355 48.7528 0.908485 3.95355 93.8031 33.2924
257 0 1 0 57 3.95355 47.9532 0.908485 3.95355 93.8031 33.8671
258 0 1 0 58 3.95355 47.1536 0.908485 3.95355 93.8031 34.4419
259 0 1 0 59 3.95355 46.354 0.908485 3.95355 93.8031 35.0167
260 0 1 0 60 3.95355 45.5545 0.908485 3.95355 93.8031 35.5914
261 0 1 0 61 3.95355 44.7549 0.908485 3.95355 93.8031 36.1662
262 0 1 0 62 3.95355 43.9553 0.908485 3.95355 93.8031 36.741
263 0 1 0 63 3.95355 43.1557 0.908485 3.95355 93.8031 37.3157
264 0 1 0 64 3.95355 42.3562 0.908485 3.95355 93.8031 37.8905
265 0 1 0 65 3.95355 41.5566 0.908485 3.95355 93.8031 38.4653
266 0 1 0 66 3.95355 40.757 0.908485 3.95355 93.8031 39.04
267 0 1 0 67 3.95355 39.9574 0.908485 3.95355 93.8031 39.6148
268 0 1 0 68 3.95355 39.1578 0.908485 3.95355 93.8031 40.1896
269 0 1 0 69 3.95355 38.3583 0.908485 3.95355 93.8031 40.7643
270 0 1 0 70 3.95355 37.5587 0.908485 3.95355 93.8031 41.3391
271 0 1 0 71 3.95355 36.7591 0.908485 3.95355 93.8031 41.9139
272 0 1 0 72 3.95355 35.9595 0.908485 3.95355 93.8031 42.4886
273 0 1 0 73 3.95355 35.1599 0.908485 3.95355 93.8031 43.0634
274 0 1 0 74 3.95355 34.3604 0.908485 3.95355 93.8031 43.6382
275 0 1 0 75 3.95355 33.5608 0.908485 3.95355 93.8031 44.2129
276 0 1 0 76 3.95355 32.7612 0.908485 3.95355 93.8031 44.7877
277 0 1 0 77 3.95355 31.9616 0.908485 3.95355 93.8031 45.3625
278 0 1 0 78 3.95355 31.1621 0.908485 3.95355 93.8031 45.9372
279 0 1 0 79 3.95355 30.3625 0.908485 3.95355 93.8031 46.512
280 0 1 0 80 3.95355 29.5629 0.908485 3.95355 93.8031 47.0868
281 0 1 0 81 3.95355 28.7633 0.908485 3.95355 93.8031 47.6615
282 0 1 0 82 3.95355 27.9637 0.908485 3.95355 93.8031 48.2363
283 0 1 0 83 3.95355 27.1642 0.908485 3.95355 93.8031 48.8111
284 0 1 0 84 3.95355 26.3646 0.908485 3.95355 93.8031 49.3858
285 0 1 0 85 3.95355 25.565 0.908485 3.95355 93.8031 49.9606
286 0 1 0 86 3.95355 24.7654 0.908485 3.95355 93.8031 50.5354
287 0 1 0 87 3.95355 23.9659 0.908485 3.95355 93.8031 51.1101
288 0 1 0 88 3.95355 23.1663 0.908485 3.95355 93.8031 51.6849
289 0 1 0 89 3.95355 22.3667 0.908485 3.95355 93.8031 52.2597
290 0 1 0 90 3.95355 21.5671 0.908485 3.95355 93.8031 52.8344
291 0 1 0 91 3.95355 20.7675 0.908485 3.95355 93.8031 53.4092
292 0 1 0 92 3.95355 19.968 0.908485 3.95355 93.8031 53.984
293 0 1 0 93 3.95355 19.1684 0.908485 3.95355 93.8031 54.5587
294 0 1 0 94 3.95355 18.3688 0.908485 3.95355 93.8031 55.1335
295 0 1 0 95 3.95355 17.5692 0.908485 3.95355 93.8031 55.7083
296 0 1 0 96 3.95355 16.7697 0.908485 3.95355 93.8031 56.283
297 0 1 0 97 3.95355 15.9701 0.908485 3.95355 93.8031 56.8578
298 0 1 0 98 3.95355 15.1705 0.908485 3.95355 93.8031 57.4326
299 0 1 0 99 3.95355 14.3709 0.908485 3.95355 93.8031 58.0073
300 0 1 0 100 3.95355 13.5713 0.908485 3.95355 93.8031 58.5821
301 0 1 0 101 3.95355 12.7718 0.908485 3.95355 93.8031 59.1569
302 0 1 0 102 3.95355 11.9722 0.908485 3.95355 93.8031 59.7316
303 0 1 0 103 3.95355 11.1726 0.908485 3.95355 93.8031 60.3064
304 0 1 0 104 3.95355 10.373 0.908485 3.95355 93.8031 60.8812
305 0 1 0 105 3.95355 9.57345 0.908485 3.95355 93.8031 61.4559
306 0 1 0 106 3.95355 8.77388 0.908485 3.95355 93.8031 62.0307
307 0 1 0 107 3.95355 7.9743 0.908485 3.95355 93.8031 62.6055
308 0 1 0 108 3.95355 7.17472 0.908485 3.95355 93.8031 63.1802
309 0 1 0 109 3.95355 6.37514 0.908485 3.95355 93.8031 63.755
310 0 1 0 110 3.95355 5.57556 0.908485 3.95355 93.8031 64.3298
311 0 1 0 111 3.95355 4.77599 0.908485 3.95355 93.8031 64.9045
312 0 1 0 112 3.95355 3.97641 0.908485 3.95355 93.8031 65.4793
313 0 1 0 113 3.95355 3.17683 0.908485 3.95355 93.8031 66.0541
314 0 1 0 114 3.95355 2.37725 0.908485 3.95355 93.8031 66.6288
315 0 1 0 115 3.95355 1.57768 0.908485 3.95355 93.8031 67.2036
316 0 1 0 116 3.95355 0.778097 0.908485 3.95355 93.8031 67.7784
317 0 1 0 117 3.95355 0.778097 1.48325 3.95355 93.8031 68.3531
318 0 1 0 118 3.95355 0.778097 2.05802 3.95355 93.8031 68.9279
319 0 1 0 119 3.95355 0.778097 2.63279 3.95355 93.8031 69.5027
320 0 1 0 120 3.95355 0.778097 3.20755 3.95355 93.8031 70.0774
321 0 1 0 121 3.95355 0.778097 3.78232 3.95355 93.8031 70.6522
322 0 1 0 122 3.95355 0.778097 4.35709 3.95355 93.8031 71.227
323 0 1 0 123 3.95355 0.778097 4.93185 3.95355 93.8031 71.8017
324 0 1 0 124 3.95355 0.778097 5.50662 3.95355 93.8031 72.3765
325 0 1 0 125 3.95355 0.778097 6.08139 3.95355 93.8031 72.9513
326 0 1 0 126 3.95355 0.778097 6.65615 3.95355 93.8031 73.526
327 0 1 0 127 3.95355 0.778097 7.23092 3.95355 93.8031 74.1008
328 0 1 0 128 3.95355 0.778097 7.80569 3.95355 93.8031 74.6756
329 0 1 0 129 3.95355 0.778097 8.38045 3.95355 93.8031 75.2503
330 0 1 0 130 3.95355 0.778097 8.95522 3.95355 93.8031 75.8251
331 0 1 0 131 3.95355 0.778097 9.52999 3.95355 93.8031 76.3999
332 0 1 0 132 3.95355 0.778097 10.1048 3.95355 93.8031 76.9746
333 0 1 0 133 3.95355 0.778097 10.6795 3.95355 93.8031 77.5494
334 0 1 0 134 3.95355 0.778097 11.2543 3.95355 93.8031 78.1242
335 0 1 0 135 3.95355 0.778097 11.8291 3.95355 93.8031 78.6989
336 0 1 0 136 3.95355 0.778097 12.4038 3.95355 93.8031 79.2737
337 0 1 0 137 3.95355 0.778097 12.9786 3.95355 93.8031 79.8485
338 0 1 0 138 3.95355 0.778097 13.5534 3.95355 93.8031 80.4232
339 0 1 0 139 3.95355 0.778097 14.1281 3.95355 93.8031 80.998
340 0 1 0 140 3.95355 0.778097 14.7029 3.95355 93.8031 81.5728
341 0 1 0 141 3.95355 0.778097 15.2777 3.95355 93.8031 82.1475
342 0 1 0 142 3.95355 0.778097 15.8524 3.95355 93.8031 82.7223
343 0 1 0 143 3.95355 0.778097 16.4272 3.95355 93.8031 83.2971
344 0 1 0 144 3.95355 0.778097 17.002 3.95355 93.8031 83.8718
345 0 1 0 145 3.95355 0.778097 17.5767 3.95355 93.8031 84.4466
346 0 1 0 146 3.95355 0.778097 18.1515 3.95355 93.8031 85.0214
347 0 1 0 147 3.95355 0.778097 18.7263 3.95355 93.8031 85.5961
348 0 1 0 148 3.95355 0.778097 19.301 3.95355 93.8031 86.1709
349 0 1 0 149 3.95355 0.778097 19.8758 3.95355 93.8031 86.7457
350 0 1 0 150 3.95355 0.778097 20.4506 3.95355 93.8031 87.3204
351 0 1 0 151 3.95355 0.778097 21.0253 3.95355 93.8031 87.8952
352 0 1 0 152 3.95355 0.778097 21.6001 3.95355 93.8031 88.47
353 0 1 0 153 3.95355 0.778097 22.1749 3.95355 93.8031 89.0447
354 0 1 0 154 3.95355 0.778097 22.7496 3.95355 93.8031 89.6195
355 0 1 0 155 3.95355 0.778097 23.3244 3.95355 93.8031 90.1943
356 0 1 0 156 3.95355 0.778097 23.8992 3.95355 93.8031 90.769
357 0 1 0 157 3.95355 0.778097 24.4739 3.95355 93.8031 91.3438
358 0 1 0 158 3.95355 0.778097 25.0487 3.95355 93.8031 91.9186
359 0 1 0 159 3.95355 0.778097 25.6235 3.95355 93.8031 92.4933
360 0 1 0 160 3.95355 0.778097 26.1982 3.95355 93.8031 93.0681
361 0 1 0 161 3.95355 0.778097 26.773 3.95355 93.8031 93.6429
362 0 1 0 162 3.95355 0.778097 27.3478 3.95355 93.8031 94.2176
363 0 1 0 163 3.95355 0.778097 27.9225 3.95355 93.8031 94.7924
364 0 1 0 164 3.95355 0.778097 28.4973 3.95355 93.8031 95.3672
365 0 1 0 165 3.95355 0.778097 29.0721 3.95355 93.8031 95.9419
366 0 1 0 166 3.95355 0.778097 29.6468 3.95355 93.8031 96.5167
367 0 1 0 167 3.95355 0.778097 30.2216 3.95355 93.8031 97.0915
368 0 1 0 168 3.95355 0.778097 30.7964 3.95355 93.8031 97.6662
369 0 1 0 169 3.95355 0.778097 31.3711 3.95355 93.8031 98.241
370 0 1 0 170 3.95355 0.778097 31.9459 3.95355 93.8031 98.8158
371 0 1 0 171 3.95355 0.778097 32.5207 3.95355 93.8031 99.3905
372 0 1 0 172 3.95355 0.778097 33.0954 3.95355 93.8031 99.9653
373 0 1 0 173 3.95355 0.778097 33.6702 3.95355 93.8031 100.54
374 0 1 0 174 3.95355 0.778097 34.245 3.95355 93.8031 101.115
375 0 1 0 175 3.95355 0.778097 34.8197 3.95355 93.8031 101.69
376 0 1 0 176 3.95355 0.778097 35.3945 3.95355 93.8031 102.264
377 0 1 0 177 3.95355 0.778097 35.9693 3.95355 93.8031 102.839
378 0 1 0 178 3.95355 0.778097 36.544 3.95355 93.8031 103.414
379 0 1 0 179 3.95355 0.778097 37.1188 3.95355 93.8031 103.989
380 0 1 0 180 3.95355 0.778097 37.6936 3.95355 93.8031 104.563
381 0 1 0 181 3.95355 0.778097 38.2683 3.95355 93.8031 105.138
382 0 1 0 182 3.95355 0.778097 38.8431 3.95355 93.8031 105.713
383 0 1 0 183 3.95355 0.778097 39.4179 3.95355 93.8031 106.288
384 0 1 0 184 3.95355 0.778097 39.9926 3.95355 93.8031 106.862
385 0 1 0 185 3.95355 0.778097 40.5674 3.95355 93.8031 107.437
386 0 1 0 186 3.95355 0.778097 41.1422 3.95355 93.8031 108.012
387 0 1 0 187 3.95355 0.778097 41.7169 3.95355 93.8031 108.587
388 0 1 0 188 3.95355 0.778097 42.2917 3.95355 93.8031 109.162
389 0 1 0 189 3.95355 0.778097 42.8665 3.95355 93.8031 109.736
390 0 1 0 190 3.95355 0.778097 43.4412 3.95355 93.8031 110.311
391 0 1 0 191 3.95355 0.778097 44.016 3.95355 93.8031 110.886
392 0 1 0 192 3.95355 0.778097 44.5908 3.95355 93.8031 111.461
393 0 1 0 193 3.95355 0.778097 45.1655 3.95355 93.8031 112.035
394 0 1 0 194 3.95355 0.778097 45.7403 3.95355 93.8031 112.61
395 0 1 0 195 3.95355 0.778097 46.3151 3.95355 93.8031 113.185
396 0 1 0 196 3.95355 0.778097 46.8898 3.95355 93.8031 113.76
397 0 1 0 197 3.95355 0.778097 47.4646 3.95355 93.8031 114.334
398 0 1 0 198 3.95355 0.778097 48.0394 3.95355 93.8031 114.909
399 0 1 0 199 3.95355 0.778097 48.6141 3.95355 93.8031 115.484
0 0 1 0 200 3.95355 0.79375 49.2001 3.95355 93.7874 116.048
1 0 1 0 201 3.95355 0.79375 49.7749 3.95355 92.9879 116.047
2 0 1 0 202 3.95355 0.79375 50.3497 3.95355 92.1883 116.047
3 0 1 0 203 3.95355 0.79375 50.9244 3.95355 91.3887 116.048
4 0 1 0 204 3.95355 0.79375 51.4992 3.95355 90.5891 116.047
5 0 1 0 205 3.95355 0.79375 52.074 3.95355 89.7896 116.048
6 0 1 0 206 3.95355 0.79375 52.6487 3.95355 88.99 116.047
7 0 1 0 207 3.95355 0.79375 53.2235 3.95355 88.1904 116.048
8 0 1 0 208 3.95355 0.79375 53.7983 3.95355 87.3908 116.047
9 0 1 0 209 3.95355 0.79375 54.373 3.95355 86.5912 116.048
10 0 1 0 210 3.95355 0.79375 54.9478 3.95355 85.7917 116.047
11 0 1 0 211 3.95355 0.79375 55.5226 3.95355 84.9921 116.048
12 0 1 0 212 3.95355 0.79375 56.0973 3.95355 84.1925 116.048
13 0 1 0 213 3.95355 0.79375 56.6721 3.95355 83.3929 116.047
14 0 1 0 214 3.95355 0.79375 57.2469 3.95355 82.5934 116.047
15 0 1 0 215 3.95355 0.79375 57.8216 3.95355 81.7938 116.047
16 0 1 0 216 3.95355 0.79375 58.3964 3.95355 80.9942 116.047
17 0 1 0 217 3.95355 0.79375 58.9712 3.95355 80.1946 116.047
18 0 1 0 218 3.95355 0.79375 59.5459 3.95355 79.395 116.048
19 0 1 0 219 3.95355 0.79375 60.1207 3.95355 78.5955 116.047
20 0 1 0 220 3.95355 0.79375 60.6955 3.95355 77.7959 116.047
21 0 1 0 221 3.95355 0.79375 61.2702 3.95355 76.9963 116.047
22 0 1 0 222 3.95355 0.79375 61.845 3.95355 76.1967 116.048
23 0 1 0 223 3.95355 0.79375 62.4198 3.95355 75.3972 116.048
24 0 1 0 224 3.95355 0.79375 62.9945 3.95355 74.5976 116.047
25 0 1 0 225 3.95355 0.79375 63.5693 3.95355 73.798 116.047
26 0 1 0 226 3.95355 0.79375 64.1441 3.95355 72.9984 116.047
27 0 1 0 227 3.95355 0.79375 64.7188 3.95355 72.1988 116.047
28 0 1 0 228 3.95355 0.79375 65.2936 3.95355 71.3993 116.048
29 0 1 0 229 3.95355 0.79375 65.8684 3.95355 70.5997 116.048
30 0 1 0 230 3.95355 0.79375 66.4431 3.95355 69.8001 116.047
31 0 1 0 231 3.95355 0.79375 67.0179 3.95355 69.0005 116.047
32 0 1 0 232 3.95355 0.79375 67.5927 3.95355 68.201 116.047
33 0 1 0 233 3.95355 0.79375 68.1674 3.95355 67.4014 116.048
34 0 1 0 234 3.95355 0.79375 68.7422 3.95355 66.6018 116.048
35 0 1 0 235 3.95355 0.79375 69.317 3.95355 65.8022 116.047
36 0 1 0 236 3.95355 0.79375 69.8917 3.95355 65.0026 116.047
37 0 1 0 237 3.95355 0.79375 70.4665 3.95355 64.2031 116.047
38 0 1 0 238 3.95355 0.79375 71.0413 3.95355 63.4035 116.048
39 0 1 0 239 3.95355 0.79375 71.616 3.95355 62.6039 116.048
40 0 1 0 240 3.95355 0.79375 72.1908 3.95355 61.8043 116.047
41 0 1 0 241 3.95355 0.79375 72.7656 3.95355 61.0047 116.047
42 0 1 0 242 3.95355 0.79375 73.3403 3.95355 60.2052 116.048
43 0 1 0 243 3.95355 0.79375 73.9151 3.95355 59.4056 116.048
44 0 1 0 244 3.95355 0.79375 74.4899 3.95355 58.606 116.048
45 0 1 0 245 3.95355 0.79375 75.0646 3.95355 57.8064 116.047
46 0 1 0 246 3.95355 0.79375 75.6394 3.95355 57.0069 116.047
47 0 1 0 247 3.95355 0.79375 76.2142 3.95355 56.2073 116.047
48 0 1 0 248 3.95355 0.79375 76.7889 3.95355 55.4077 116.048
49 0 1 0 249 3.95355 0.79375 77.3637 3.95355 54.6081 116.048
50 0 1 0 250 3.95355 0.79375 77.9385 3.95355 53.8085 116.047
51 0 1 0 251 3.95355 0.79375 78.5132 3.95355 53.009 116.047
52 0 1 0 252 3.95355 0.79375 79.088 3.95355 52.2094 116.048
53 0 1 0 253 3.95355 0.79375 79.6628 3.95355 51.4098 116.048
54 0 1 0 254 3.95355 0.79375 80.2375 3.95355 50.6102 116.048
55 0 1 0 255 3.95355 0.79375 80.8123 3.95355 49.8107 116.047
56 0 1 0 256 3.95355 0.79375 81.3871 3.95355 49.0111 116.047
57 0 1 0 257 3.95355 0.79375 81.9618 3.95355 48.2115 116.047
58 0 1 0 258 3.95355 0.79375 82.5366 3.95355 47.4119 116.048
59 0 1 0 259 3.95355 0.79375 83.1114 3.95355 46.6123 116.048
60 0 1 0 260 3.95355 0.79375 83.6861 3.95355 45.8128 116.047
61 0 1 0 261 3.95355 0.79375 84.2609 3.95355 45.0132 116.047
62 0 1 0 262 3.95355 0.79375 84.8357 3.95355 44.2136 116.047
63 0 1 0 263 3.95355 0.79375 85.4104 3.95355 43.414 116.048
64 0 1 0 264 3.95355 0.79375 85.9852 3.95355 42.6145 116.048
65 0 1 0 265 3.95355 0.79375 86.56 3.95355 41.8149 116.047
66 0 1 0 266 3.95355 0.79375 87.1347 3.95355 41.0153 116.047
67 0 1 0 267 3.95355 0.79375 87.7095 3.95355 40.2157 116.047
68 0 1 0 268 3.95355 0.79375 88.2843 3.95355 39.4161 116.048
69 0 1 0 269 3.95355 0.79375 88.859 3.95355 38.6166 116.048
70 0 1 0 270 3.95355 0.79375 89.4338 3.95355 37.817 116.047
71 0 1 0 271 3.95355 0.79375 90.0086 3.95355 37.0174 116.047
72 0 1 0 272 3.95355 0.79375 90.5833 3.95355 36.2178 116.047
73 0 1 0 273 3.95355 0.79375 91.1581 3.95355 35.4183 116.048
74 0 1 0 274 3.95355 0.79375 91.7329 3.95355 34.6187 116.048
75 0 1 0 275 3.95355 0.79375 92.3076 3.95355 33.8191 116.047
76 0 1 0 276 3.95355 0.79375 92.8824 3.95355 33.0195 116.047
77 0 1 0 277 3.95355 0.79375 93.4572 3.95355 32.2199 116.047
78 0 1 0 278 3.95355 0.79375 94.0319 3.95355 31.4204 116.047
79 0 1 0 279 3.95355 0.79375 94.6067 3.95355 30.6208 116.048
80 0 1 0 280 3.95355 0.79375 95.1815 3.95355 29.8212 116.047
81 0 1 0 281 3.95355 0.79375 95.7562 3.95355 29.0216 116.047
82 0 1 0 282 3.95355 0.79375 96.331 3.95355 28.2221 116.047
83 0 1 0 283 3.95355 0.79375 96.9058 3.95355 27.4225 116.048
84 0 1 0 284 3.95355 0.79375 97.4805 3.95355 26.6229 116.048
85 0 1 0 285 3.95355 0.79375 98.0553 3.95355 25.8233 116.047
86 0 1 0 286 3.95355 0.79375 98.6301 3.95355 25.0237 116.047
87 0 1 0 287 3.95355 0.79375 99.2048 3.95355 24.2242 116.047
88 0 1 0 288 3.95355 0.79375 99.7796 3.95355 23.4246 116.047
89 0 1 0 289 3.95355 0.79375 100.354 3.95355 22.625 116.048
90 0 1 0 290 3.95355 0.79375 100.929 3.95355 21.8254 116.047
91 0 1 0 291 3.95355 0.79375 101.504 3.95355 21.0259 116.047
92 0 1 0 292 3.95355 0.79375 102.079 3.95355 20.2263 116.047
93 0 1 0 293 3.95355 0.79375 102.653 3.95355 19.4267 116.048
94 0 1 0 294 3.95355 0.79375 103.228 3.95355 18.6271 116.048
95 0 1 0 295 3.95355 0.79375 103.803 3.95355 17.8275 116.047
96 0 1 0 296 3.95355 0.79375 104.378 3.95355 17.028 116.047
97 0 1 0 297 3.95355 0.79375 104.953 3.95355 16.2284 116.047
98 0 1 0 298 3.95355 0.79375 105.527 3.95355 15.4288 116.047
99 0 1 0 299 3.95355 0.79375 106.102 3.95355 14.6292 116.048
100 0 1 0 300 3.95355 0.79375 106.677 3.95355 13.8297 116.048
101 0 1 0 301 3.95355 0.79375 107.252 3.95355 13.0301 116.047
102 0 1 0 302 3.95355 0.79375 107.826 3.95355 12.2305 116.047
103 0 1 0 303 3.95355 0.79375 108.401 3.95355 11.4309 116.048
104 0 1 0 304 3.95355 0.79375 108.976 3.95355 10.6313 116.048
105 0 1 0 305 3.95355 0.79375 109.551 3.95355 9.83176 116.048
106 0 1 0 306 3.95355 0.79375 110.125 3.95355 9.03218 116.047
107 0 1 0 307 3.95355 0.79375 110.7 3.95355 8.23261 116.047
108 0 1 0 308 3.95355 0.79375 111.275 3.95355 7.43303 116.048
109 0 1 0 309 3.95355 0.79375 111.85 3.95355 6.63345 116.048
110 0 1 0 310 3.95355 0.79375 112.424 3.95355 5.83387 116.048
111 0 1 0 311 3.95355 0.79375 112.999 3.95355 5.03429 116.047
112 0 1 0 312 3.95355 0.79375 113.574 3.95355 4.23472 116.047
113 0 1 0 313 3.95355 0.79375 114.149 3.95355 3.43514 116.047
114 0 1 0 314 3.95355 0.79375 114.724 3.95355 2.63556 116.048
115 0 1 0 315 3.95355 0.79375 115.298 3.95355 1.83598 116.048
600 0 1 1 0 3.47755 93.2137 115.088 3.47755 92.8077 115.379
601 0 1 1 1 3.47755 92.9478 114.704 3.47755 92.274 115.188
602 0 1 1 2 3.47755 92.9478 114.129 3.47755 91.4745 115.188
603 0 1 1 3 3.47755 92.9478 113.554 3.47755 90.6749 115.188
604 0 1 1 4 3.47755 92.9478 112.98 3.47755 89.8753 115.188
605 0 1 1 5 3.47755 92.9478 112.405 3.47755 89.0757 115.188
606 0 1 1 6 3.47755 92.9478 111.83 3.47755 88.2762 115.188
607 0 1 1 7 3.47755 92.9478 111.255 3.47755 87.4766 115.188
608 0 1 1 8 3.47755 92.9478 110.681 3.47755 86.677 115.188
609 0 1 1 9 3.47755 92.9478 110.106 3.47755 85.8774 115.188
610 0 1 1 10 3.47755 92.9478 109.531 3.47755 85.0778 115.188
611 0 1 1 11 3.47755 92.9478 108.956 3.47755 84.2783 115.188
612 0 1 1 12 3.47755 92.9478 108.381 3.47755 83.4787 115.188
613 0 1 1 13 3.47755 92.9478 107.807 3.47755 82.6791 115.188
614 0 1 1 14 3.47755 92.9478 107.232 3.47755 81.8795 115.188
615 0 1 1 15 3.47755 92.9478 106.657 3.47755 81.08 115.188
616 0 1 1 16 3.47755 92.9478 106.082 3.47755 80.2804 115.188
617 0 1 1 17 3.47755 92.9478 105.508 3.47755 79.4808 115.188
618 0 1 1 18 3.47755 92.9478 104.933 3.47755 78.6812 115.188
619 0 1 1 19 3.47755 92.9478 104.358 3.47755 77.8816 115.188
620 0 1 1 20 3.47755 92.9478 103.783 3.47755 77.0821 115.188
621 0 1 1 21 3.47755 92.9478 103.209 3.47755 76.2825 115.188
622 0 1 1 22 3.47755 92.9478 102.634 3.47755 75.4829 115.188
623 0 1 1 23 3.47755 92.9478 102.059 3.47755 74.6833 115.188
624 0 1 1 24 3.47755 92.9478 101.484 3.47755 73.8838 115.188
625 0 1 1 25 3.47755 92.9478 100.91 3.47755 73.0842 115.188
626 0 1 1 26 3.47755 92.9478 100.335 3.47755 72.2846 115.188
627 0 1 1 27 3.47755 92.9478 99.76 3.47755 71.485 115.188
628 0 1 1 28 3.47755 92.9478 99.1852 3.47755 70.6854 115.188
629 0 1 1 29 3.47755 92.9478 98.6104 3.47755 69.8859 115.188
630 0 1 1 30 3.47755 92.9478 98.0357 3.47755 69.0863 115.188
631 0 1 1 31 3.47755 92.9478 97.4609 3.47755 68.2867 115.188
632 0 1 1 32 3.47755 92.9478 96.8861 3.47755 67.4871 115.188
633 0 1 1 33 3.47755 92.9478 96.3114 3.47755 66.6876 115.188
634 0 1 1 34 3.47755 92.9478 95.7366 3.47755 65.888 115.188
635 0 1 1 35 3.47755 92.9478 95.1618 3.47755 65.0884 115.188
636 0 1 1 36 3.47755 92.9478 94.5871 3.47755 64.2888 115.188
637 0 1 1 37 3.47755 92.9478 94.0123 3.47755 63.4892 115.188
638 0 1 1 38 3.47755 92.9478 93.4375 3.47755 62.6897 115.188
639 0 1 1 39 3.47755 92.9478 92.8628 3.47755 61.8901 115.188
640 0 1 1 40 3.47755 92.9478 92.288 3.47755 61.0905 115.188
641 0 1 1 41 3.47755 92.9478 91.7132 3.47755 60.2909 115.188
642 0 1 1 42 3.47755 92.9478 91.1385 3.47755 59.4913 115.188
643 0 1 1 43 3.47755 92.9478 90.5637 3.47755 58.6918 115.188
644 0 1 1 44 3.47755 92.9478 89.9889 3.47755 57.8922 115.188
645 0 1 1 45 3.47755 92.9478 89.4142 3.47755 57.0926 115.188
646 0 1 1 46 3.47755 92.9478 88.8394 3.47755 56.293 115.188
647 0 1 1 47 3.47755 92.9478 88.2646 3.47755 55.4935 115.188
648 0 1 1 48 3.47755 92.9478 87.6899 3.47755 54.6939 115.188
649 0 1 1 49 3.47755 92.9478 87.1151 3.47755 53.8943 115.188
650 0 1 1 50 3.47755 92.9478 86.5403 3.47755 53.0947 115.188
651 0 1 1 51 3.47755 92.9478 85.9656 3.47755 52.2951 115.188
652 0 1 1 52 3.47755 92.9478 85.3908 3.47755 51.4956 115.188
653 0 1 1 53 3.47755 92.9478 84.816 3.47755 50.696 115.188
654 0 1 1 54 3.47755 92.9478 84.2413 3.47755 49.8964 115.188
655 0 1 1 55 3.47755 92.9478 83.6665 3.47755 49.0968 115.188
656 0 1 1 56 3.47755 92.9478 83.0917 3.47755 48.2973 115.188
657 0 1 1 57 3.47755 92.9478 82.517 3.47755 47.4977 115.188
658 0 1 1 58 3.47755 92.9478 81.9422 3.47755 46.6981 115.188
659 0 1 1 59 3.47755 92.9478 81.3674 3.47755 45.8985 115.188
660 0 1 1 60 3.47755 92.9478 80.7927 3.47755 45.0989 115.188
661 0 1 1 61 3.47755 92.9478 80.2179 3.47755 44.2994 115.188
662 0 1 1 62 3.47755 92.9478 79.6431 3.47755 43.4998 115.188
663 0 1 1 63 3.47755 92.9478 79.0684 3.47755 42.7002 115.188
664 0 1 1 64 3.47755 92.9478 78.4936 3.47755 41.9006 115.188
665 0 1 1 65 3.47755 92.9478 77.9188 3.47755 41.1011 115.188
666 0 1 1 66 3.47755 92.9478 77.3441 3.47755 40.3015 115.188
667 0 1 1 67 3.47755 92.9478 76.7693 3.47755 39.5019 115.188
668 0 1 1 68 3.47755 92.9478 76.1945 3.47755 38.7023 115.188
669 0 1 1 69 3.47755 92.9478 75.6198 3.47755 37.9027 115.188
670 0 1 1 70 3.47755 92.9478 75.045 3.47755 37.1032 115.188
671 0 1 1 71 3.47755 92.9478 74.4702 3.47755 36.3036 115.188
672 0 1 1 72 3.47755 92.9478 73.8955 3.47755 35.504 115.188
673 0 1 1 73 3.47755 92.9478 73.3207 3.47755 34.7044 115.188
674 0 1 1 74 3.47755 92.9478 72.7459 3.47755 33.9049 115.188
675 0 1 1 75 3.47755 92.9478 72.1712 3.47755 33.1053 115.188
676 0 1 1 76 3.47755 92.9478 71.5964 3.47755 32.3057 115.188
677 0 1 1 77 3.47755 92.9478 71.0216 3.47755 31.5061 115.188
678 0 1 1 78 3.47755 92.9478 70.4469 3.47755 30.7065 115.188
679 0 1 1 79 3.47755 92.9478 69.8721 3.47755 29.907 115.188
680 0 1 1 80 3.47755 92.9478 69.2973 3.47755 29.1074 115.188
681 0 1 1 81 3.47755 92.9478 68.7226 3.47755 28.3078 115.188
682 0 1 1 82 3.47755 92.9478 68.1478 3.47755 27.5082 115.188
683 0 1 1 83 3.47755 92.9478 67.573 3.47755 26.7087 115.188
684 0 1 1 84 3.47755 92.9478 66.9983 3.47755 25.9091 115.188
685 0 1 1 85 3.47755 92.9478 66.4235 3.47755 25.1095 115.188
686 0 1 1 86 3.47755 92.9478 65.8487 3.47755 24.3099 115.188
687 0 1 1 87 3.47755 92.9478 65.274 3.47755 23.5103 115.188
688 0 1 1 88 3.47755 92.9478 64.6992 3.47755 22.7108 115.188
689 0 1 1 89 3.47755 92.9478 64.1244 3.47755 21.9112 115.188
690 0 1 1 90 3.47755 92.9478 63.5497 3.47755 21.1116 115.188
691 0 1 1 91 3.47755 92.9478 62.9749 3.47755 20.312 115.188
692 0 1 1 92 3.47755 92.9478 62.4001 3.47755 19.5125 115.188
693 0 1 1 93 3.47755 92.9478 61.8254 3.47755 18.7129 115.188
694 0 1 1 94 3.47755 92.9478 61.2506 3.47755 17.9133 115.188
695 0 1 1 95 3.47755 92.9478 60.6758 3.47755 17.1137 115.188
696 0 1 1 96 3.47755 92.9478 60.1011 3.47755 16.3141 115.188
697 0 1 1 97 3.47755 92.9478 59.5263 3.47755 15.5146 115.188
698 0 1 1 98 3.47755 92.9478 58.9515 3.47755 14.715 115.188
699 0 1 1 99 3.47755 92.9478 58.3768 3.47755 13.9154 115.188
700 0 1 1 100 3.47755 92.9478 57.802 3.47755 13.1158 115.188
701 0 1 1 101 3.47755 92.9478 57.2272 3.47755 12.3163 115.188
702 0 1 1 102 3.47755 92.9478 56.6525 3.47755 11.5167 115.188
703 0 1 1 103 3.47755 92.9478 56.0777 3.47755 10.7171 115.188
704 0 1 1 104 3.47755 92.9478 55.5029 3.47755 9.91752 115.188
705 0 1 1 105 3.47755 92.9478 54.9282 3.47755 9.11794 115.188
706 0 1 1 106 3.47755 92.9478 54.3534 3.47755 8.31836 115.188
707 0 1 1 107 3.47755 92.9478 53.7786 3.47755 7.51878 115.188
708 0 1 1 108 3.47755 92.9478 53.2039 3.47755 6.71921 115.188
709 0 1 1 109 3.47755 92.9478 52.6291 3.47755 5.91963 115.188
710 0 1 1 110 3.47755 92.9478 52.0543 3.47755 5.12005 115.188
711 0 1 1 111 3.47755 92.9478 51.4796 3.47755 4.32047 115.188
712 0 1 1 112 3.47755 92.9478 50.9048 3.47755 3.52089 115.188
713 0 1 1 113 3.47755 92.9478 50.33 3.47755 2.72132 115.188
714 0 1 1 114 3.47755 92.9478 49.7553 3.47755 1.92174 115.188
715 0 1 1 115 3.47755 92.9889 49.1509 3.47755 1.08102 115.218
716 0 1 1 116 3.47755 92.9889 48.5762 3.47755 1.08102 114.643
717 0 1 1 117 3.47755 92.9889 48.0014 3.47755 1.08102 114.068
718 0 1 1 118 3.47755 92.9889 47.4266 3.47755 1.08102 113.494
719 0 1 1 119 3.47755 92.9889 46.8519 3.47755 1.08102 112.919
720 0 1 1 120 3.47755 92.9889 46.2771 3.47755 1.08102 112.344
721 0 1 1 121 3.47755 92.9889 45.7023 3.47755 1.08102 111.769
722 0 1 1 122 3.47755 92.9889 45.1276 3.47755 1.08102 111.194
723 0 1 1 123 3.47755 92.9889 44.5528 3.47755 1.08102 110.62
724 0 1 1 124 3.47755 92.9889 43.978 3.47755 1.08102 110.045
725 0 1 1 125 3.47755 92.9889 43.4033 3.47755 1.08102 109.47
726 0 1 1 126 3.47755 92.9889 42.8285 3.47755 1.08102 108.895
727 0 1 1 127 3.47755 92.9889 42.2537 3.47755 1.08102 108.321
728 0 1 1 128 3.47755 92.9889 41.679 3.47755 1.08102 107.746
729 0 1 1 129 3.47755 92.9889 41.1042 3.47755 1.08102 107.171
730 0 1 1 130 3.47755 92.9889 40.5294 3.47755 1.08102 106.596
731 0 1 1 131 3.47755 92.9889 39.9547 3.47755 1.08102 106.022
732 0 1 1 132 3.47755 92.9889 39.3799 3.47755 1.08102 105.447
733 0 1 1 133 3.47755 92.9889 38.8051 3.47755 1.08102 104.872
734 0 1 1 134 3.47755 92.9889 38.2304 3.47755 1.08102 104.297
735 0 1 1 135 3.47755 92.9889 37.6556 3.47755 1.08102 103.722
736 0 1 1 136 3.47755 92.9889 37.0808 3.47755 1.08102 103.148
737 0 1 1 137 3.47755 92.9889 36.5061 3.47755 1.08102 102.573
738 0 1 1 138 3.47755 92.9889 35.9313 3.47755 1.08102 101.998
739 0 1 1 139 3.47755 92.9889 35.3565 3.47755 1.08102 101.423
740 0 1 1 140 3.47755 92.9889 34.7818 3.47755 1.08102 100.849
741 0 1 1 141 3.47755 92.9889 34.207 3.47755 1.08102 100.274
742 0 1 1 142 3.47755 92.9889 33.6322 3.47755 1.08102 99.6991
743 0 1 1 143 3.47755 92.9889 33.0575 3.47755 1.08102 99.1243
744 0 1 1 144 3.47755 92.9889 32.4827 3.47755 1.08102 98.5496
745 0 1 1 145 3.47755 92.9889 31.9079 3.47755 1.08102 97.9748
746 0 1 1 146 3.47755 92.9889 31.3332 3.47755 1.08102 97.4
747 0 1 1 147 3.47755 92.9889 30.7584 3.47755 1.08102 96.8253
748 0 1 1 148 3.47755 92.9889 30.1836 3.47755 1.08102 96.2505
749 0 1 1 149 3.47755 92.9889 29.6089 3.47755 1.08102 95.6757
750 0 1 1 150 3.47755 92.9889 29.0341 3.47755 1.08102 95.101
751 0 1 1 151 3.47755 92.9889 28.4593 3.47755 1.08102 94.5262
752 0 1 1 152 3.47755 92.9889 27.8846 3.47755 1.08102 93.9514
753 0 1 1 153 3.47755 92.9889 27.3098 3.47755 1.08102 93.3767
754 0 1 1 154 3.47755 92.9889 26.735 3.47755 1.08102 92.8019
755 0 1 1 155 3.47755 92.9889 26.1603 3.47755 1.08102 92.2271
756 0 1 1 156 3.47755 92.9889 25.5855 3.47755 1.08102 91.6524
757 0 1 1 157 3.47755 92.9889 25.0107 3.47755 1.08102 91.0776
758 0 1 1 158 3.47755 92.9889 24.436 3.47755 1.08102 90.5028
759 0 1 1 159 3.47755 92.9889 23.8612 3.47755 1.08102 89.9281
760 0 1 1 160 3.47755 92.9889 23.2864 3.47755 1.08102 89.3533
761 0 1 1 161 3.47755 92.9889 22.7117 3.47755 1.08102 88.7785
762 0 1 1 162 3.47755 92.9889 22.1369 3.47755 1.08102 88.2038
763 0 1 1 163 3.47755 92.9889 21.5621 3.47755 1.08102 87.629
764 0 1 1 164 3.47755 92.9889 20.9874 3.47755 1.08102 87.0542
765 0 1 1 165 3.47755 92.9889 20.4126 3.47755 1.08102 86.4795
766 0 1 1 166 3.47755 92.9889 19.8378 3.47755 1.08102 85.9047
767 0 1 1 167 3.47755 92.9889 19.2631 3.47755 1.08102 85.3299
768 0 1 1 168 3.47755 92.9889 18.6883 3.47755 1.08102 84.7552
769 0 1 1 169 3.47755 92.9889 18.1135 3.47755 1.08102 84.1804
770 0 1 1 170 3.47755 92.9889 17.5388 3.47755 1.08102 83.6056
771 0 1 1 171 3.47755 92.9889 16.964 3.47755 1.08102 83.0309
772 0 1 1 172 3.47755 92.9889 16.3892 3.47755 1.08102 82.4561
773 0 1 1 173 3.47755 92.9889 15.8145 3.47755 1.08102 81.8813
774 0 1 1 174 3.47755 92.9889 15.2397 3.47755 1.08102 81.3066
775 0 1 1 175 3.47755 92.9889 14.6649 3.47755 1.08102 80.7318
776 0 1 1 176 3.47755 92.9889 14.0902 3.47755 1.08102 80.157
777 0 1 1 177 3.47755 92.9889 13.5154 3.47755 1.08102 79.5823
778 0 1 1 178 3.47755 92.9889 12.9406 3.47755 1.08102 79.0075
779 0 1 1 179 3.47755 92.9889 12.3659 3.47755 1.08102 78.4327
780 0 1 1 180 3.47755 92.9889 11.7911 3.47755 1.08102 77.858
781 0 1 1 181 3.47755 92.9889 11.2163 3.47755 1.08102 77.2832
782 0 1 1 182 3.47755 92.9889 10.6416 3.47755 1.08102 76.7084
783 0 1 1 183 3.47755 92.9889 10.0668 3.47755 1.08102 76.1337
784 0 1 1 184 3.47755 92.9889 9.49203 3.47755 1.08102 75.5589
785 0 1 1 185 3.47755 92.9889 8.91727 3.47755 1.08102 74.9841
786 0 1 1 186 3.47755 92.9889 8.3425 3.47755 1.08102 74.4094
787 0 1 1 187 3.47755 92.9889 7.76773 3.47755 1.08102 73.8346
788 0 1 1 188 3.47755 92.9889 7.19297 3.47755 1.08102 73.2598
789 0 1 1 189 3.47755 92.9889 6.6182 3.47755 1.08102 72.6851
790 0 1 1 190 3.47755 92.9889 6.04343 3.47755 1.08102 72.1103
791 0 1 1 191 3.47755 92.9889 5.46867 3.47755 1.08102 71.5355
792 0 1 1 192 3.47755 92.9889 4.8939 3.47755 1.08102 70.9608
793 0 1 1 193 3.47755 92.9889 4.31913 3.47755 1.08102 70.386
794 0 1 1 194 3.47755 92.9889 3.74437 3.47755 1.08102 69.8112
795 0 1 1 195 3.47755 92.9889 3.1696 3.47755 1.08102 69.2365
796 0 1 1 196 3.47755 92.9889 2.59483 3.47755 1.08102 68.6617
797 0 1 1 197 3.47755 92.9889 2.02007 3.47755 1.08102 68.0869
798 0 1 1 198 3.47755 92.9889 1.4453 3.47755 1.08102 67.5122
799 0 1 1 199 3.47755 92.9889 0.870533 3.47755 1.08102 66.9374
400 0 1 1 200 3.47755 92.9587 0.3175 3.47755 1.11125 66.3409
401 0 1 1 201 3.47755 92.1591 0.3175 3.47755 1.11125 65.7661
402 0 1 1 202 3.47755 91.3595 0.3175 3.47755 1.11125 65.1914
403 0 1 1 203 3.47755 90.56 0.3175 3.47755 1.11125 64.6166
404 0 1 1 204 3.47755 89.7604 0.3175 3.47755 1.11125 64.0418
405 0 1 1 205 3.47755 88.9608 0.3175 3.47755 1.11125 63.4671
406 0 1 1 206 3.47755 88.1612 0.3175 3.47755 1.11125 62.8923
407 0 1 1 207 3.47755 87.3617 0.3175 3.47755 1.11125 62.3175
408 0 1 1 208 3.47755 86.5621 0.3175 3.47755 1.11125 61.7428
409 0 1 1 209 3.47755 85.7625 0.3175 3.47755 1.11125 61.168
410 0 1 1 210 3.47755 84.9629 0.3175 3.47755 1.11125 60.5932
411 0 1 1 211 3.47755 84.1633 0.3175 3.47755 1.11125 60.0185
412 0 1 1 212 3.47755 83.3638 0.3175 3.47755 1.11125 59.4437
413 0 1 1 213 3.47755 82.5642 0.3175 3.47755 1.11125 58.8689
414 0 1 1 214 3.47755 81.7646 0.3175 3.47755 1.11125 58.2942
415 0 1 1 215 3.47755 80.965 0.3175 3.47755 1.11125 57.7194
416 0 1 1 216 3.47755 80.1655 0.3175 3.47755 1.11125 57.1446
417 0 1 1 217 3.47755 79.3659 0.3175 3.47755 1.11125 56.5699
418 0 1 1 218 3.47755 78.5663 0.3175 3.47755 1.11125 55.9951
419 0 1 1 219 3.47755 77.7667 0.3175 3.47755 1.11125 55.4203
420 0 1 1 220 3.47755 76.9671 0.3175 3.47755 1.11125 54.8456
421 0 1 1 221 3.47755 76.1676 0.3175 3.47755 1.11125 54.2708
422 0 1 1 222 3.47755 75.368 0.3175 3.47755 1.11125 53.696
423 0 1 1 223 3.47755 74.5684 0.3175 3.47755 1.11125 53.1213
424 0 1 1 224 3.47755 73.7688 0.3175 3.47755 1.11125 52.5465
425 0 1 1 225 3.47755 72.9693 0.3175 3.47755 1.11125 51.9717
426 0 1 1 226 3.47755 72.1697 0.3175 3.47755 1.11125 51.397
427 0 1 1 227 3.47755 71.3701 0.3175 3.47755 1.11125 50.8222
428 0 1 1 228 3.47755 70.5705 0.3175 3.47755 1.11125 50.2474
429 0 1 1 229 3.47755 69.7709 0.3175 3.47755 1.11125 49.6727
430 0 1 1 230 3.47755 68.9714 0.3175 3.47755 1.11125 49.0979
431 0 1 1 231 3.47755 68.1718 0.3175 3.47755 1.11125 48.5231
432 0 1 1 232 3.47755 67.3722 0.3175 3.47755 1.11125 47.9484
433 0 1 1 233 3.47755 66.5726 0.3175 3.47755 1.11125 47.3736
434 0 1 1 234 3.47755 65.7731 0.3175 3.47755 1.11125 46.7988
435 0 1 1 235 3.47755 64.9735 0.3175 3.47755 1.11125 46.2241
436 0 1 1 236 3.47755 64.1739 0.3175 3.47755 1.11125 45.6493
437 0 1 1 237 3.47755 63.3743 0.3175 3.47755 1.11125 45.0745
438 0 1 1 238 3.47755 62.5747 0.3175 3.47755 1.11125 44.4998
439 0 1 1 239 3.47755 61.7752 0.3175 3.47755 1.11125 43.925
440 0 1 1 240 3.47755 60.9756 0.3175 3.47755 1.11125 43.3502
441 0 1 1 241 3.47755 60.176 0.3175 3.47755 1.11125 42.7755
442 0 1 1 242 3.47755 59.3764 0.3175 3.47755 1.11125 42.2007
443 0 1 1 243 3.47755 58.5769 0.3175 3.47755 1.11125 41.6259
444 0 1 1 244 3.47755 57.7773 0.3175 3.47755 1.11125 41.0512
445 0 1 1 245 3.47755 56.9777 0.3175 3.47755 1.11125 40.4764
446 0 1 1 246 3.47755 56.1781 0.3175 3.47755 1.11125 39.9016
447 0 1 1 247 3.47755 55.3785 0.3175 3.47755 1.11125 39.3269
448 0 1 1 248 3.47755 54.579 0.3175 3.47755 1.11125 38.7521
449 0 1 1 249 3.47755 53.7794 0.3175 3.47755 1.11125 38.1773
450 0 1 1 250 3.47755 52.9798 0.3175 3.47755 1.11125 37.6026
451 0 1 1 251 3.47755 52.1802 0.3175 3.47755 1.11125 37.0278
452 0 1 1 252 3.47755 51.3806 0.3175 3.47755 1.11125 36.453
453 0 1 1 253 3.47755 50.5811 0.3175 3.47755 1.11125 35.8783
454 0 1 1 254 3.47755 49.7815 0.3175 3.47755 1.11125 35.3035
455 0 1 1 255 3.47755 48.9819 0.3175 3.47755 1.11125 34.7287
456 0 1 1 256 3.47755 48.1823 0.3175 3.47755 1.11125 34.154
457 0 1 1 257 3.47755 47.3828 0.3175 3.47755 1.11125 33.5792
458 0 1 1 258 3.47755 46.5832 0.3175 3.47755 1.11125 33.0044
459 0 1 1 259 3.47755 45.7836 0.3175 3.47755 1.11125 32.4297
460 0 1 1 260 3.47755 44.984 0.3175 3.47755 1.11125 31.8549
461 0 1 1 261 3.47755 44.1844 0.3175 3.47755 1.11125 31.2801
462 0 1 1 262 3.47755 43.3849 0.3175 3.47755 1.11125 30.7054
463 0 1 1 263 3.47755 42.5853 0.3175 3.47755 1.11125 30.1306
464 0 1 1 264 3.47755 41.7857 0.3175 3.47755 1.11125 29.5558
465 0 1 1 265 3.47755 40.9861 0.3175 3.47755 1.11125 28.9811
466 0 1 1 266 3.47755 40.1866 0.3175 3.47755 1.11125 28.4063
467 0 1 1 267 3.47755 39.387 0.3175 3.47755 1.11125 27.8315
468 0 1 1 268 3.47755 38.5874 0.3175 3.47755 1.11125 27.2568
469 0 1 1 269 3.47755 37.7878 0.3175 3.47755 1.11125 26.682
470 0 1 1 270 3.47755 36.9882 0.3175 3.47755 1.11125 26.1072
471 0 1 1 271 3.47755 36.1887 0.3175 3.47755 1.11125 25.5325
472 0 1 1 272 3.47755 35.3891 0.3175 3.47755 1.11125 24.9577
473 0 1 1 273 3.47755 34.5895 0.3175 3.47755 1.11125 24.3829
474 0 1 1 274 3.47755 33.7899 0.3175 3.47755 1.11125 23.8082
475 0 1 1 275 3.47755 32.9904 0.3175 3.47755 1.11125 23.2334
476 0 1 1 276 3.47755 32.1908 0.3175 3.47755 1.11125 22.6586
477 0 1 1 277 3.47755 31.3912 0.3175 3.47755 1.11125 22.0839
478 0 1 1 278 3.47755 30.5916 0.3175 3.47755 1.11125 21.5091
479 0 1 1 279 3.47755 29.792 0.3175 3.47755 1.11125 20.9343
480 0 1 1 280 3.47755 28.9925 0.3175 3.47755 1.11125 20.3596
481 0 1 1 281 3.47755 28.1929 0.3175 3.47755 1.11125 19.7848
482 0 1 1 282 3.47755 27.3933 0.3175 3.47755 1.11125 19.21
483 0 1 1 283 3.47755 26.5937 0.3175 3.47755 1.11125 18.6353
484 0 1 1 284 3.47755 25.7942 0.3175 3.47755 1.11125 18.0605
485 0 1 1 285 3.47755 24.9946 0.3175 3.47755 1.11125 17.4857
486 0 1 1 286 3.47755 24.195 0.3175 3.47755 1.11125 16.911
487 0 1 1 287 3.47755 23.3954 0.3175 3.47755 1.11125 16.3362
488 0 1 1 288 3.47755 22.5958 0.3175 3.47755 1.11125 15.7614
489 0 1 1 289 3.47755 21.7963 0.3175 3.47755 1.11125 15.1867
490 0 1 1 290 3.47755 20.9967 0.3175 3.47755 1.11125 14.6119
491 0 1 1 291 3.47755 20.1971 0.3175 3.47755 1.11125 14.0371
492 0 1 1 292 3.47755 19.3975 0.3175 3.47755 1.11125 13.4624
493 0 1 1 293 3.47755 18.598 0.3175 3.47755 1.11125 12.8876
494 0 1 1 294 3.47755 17.7984 0.3175 3.47755 1.11125 12.3128
495 0 1 1 295 3.47755 16.9988 0.3175 3.47755 1.11125 11.7381
496 0 1 1 296 3.47755 16.1992 0.3175 3.47755 1.11125 11.1633
497 0 1 1 297 3.47755 15.3996 0.3175 3.47755 1.11125 10.5885
498 0 1 1 298 3.47755 14.6001 0.3175 3.47755 1.11125 10.0138
499 0 1 1 299 3.47755 13.8005 0.3175 3.47755 1.11125 9.439
500 0 1 1 300 3.47755 13.0009 0.3175 3.47755 1.11125 8.86423
501 0 1 1 301 3.47755 12.2013 0.3175 3.47755 1.11125 8.28947
502 0 1 1 302 3.47755 11.4018 0.3175 3.47755 1.11125 7.7147
503 0 1 1 303 3.47755 10.6022 0.3175 3.47755 1.11125 7.13993
504 0 1 1 304 3.47755 9.8026 0.3175 3.47755 1.11125 6.56517
505 0 1 1 305 3.47755 9.00302 0.3175 3.47755 1.11125 5.9904
506 0 1 1 306 3.47755 8.20344 0.3175 3.47755 1.11125 5.41563
507 0 1 1 307 3.47755 7.40386 0.3175 3.47755 1.11125 4.84087
508 0 1 1 308 3.47755 6.60429 0.3175 3.47755 1.11125 4.2661
509 0 1 1 309 3.47755 5.80471 0.3175 3.47755 1.11125 3.69133
510 0 1 1 310 3.47755 5.00513 0.3175 3.47755 1.11125 3.11657
511 0 1 1 311 3.47755 4.20555 0.3175 3.47755 1.11125 2.5418
512 0 1 1 312 3.47755 3.40597 0.3175 3.47755 1.11125 1.96703
513 0 1 1 313 3.47755 2.6064 0.3175 3.47755 1.11125 1.39227
514 0 1 1 314 3.47755 1.80682 0.3175 3.47755 1.11125 0.8175
1040 0 1 2 0 3.00155 1.42875 0.78325 3.00155 93.8187 0.78325
1041 0 1 2 1 3.00155 1.42875 1.26225 3.00155 93.8187 1.26225
1042 0 1 2 2 3.00155 1.42875 1.74125 3.00155 93.8187 1.74125
1043 0 1 2 3 3.00155 1.42875 2.22025 3.00155 93.8187 2.22025
1044 0 1 2 4 3.00155 1.42875 2.69925 3.00155 93.8187 2.69925
1045 0 1 2 5 3.00155 1.42875 3.17825 3.00155 93.8187 3.17825
1046 0 1 2 6 3.00155 1.42875 3.65725 3.00155 93.8187 3.65725
1047 0 1 2 7 3.00155 1.42875 4.13625 3.00155 93.8187 4.13625
1048 0 1 2 8 3.00155 1.42875 4.61525 3.00155 93.8187 4.61525
1049 0 1 2 9 3.00155 1.42875 5.09425 3.00155 93.8187 5.09425
1050 0 1 2 10 3.00155 1.42875 5.57325 3.00155 93.8187 5.57325
1051 0 1 2 11 3.00155 1.42875 6.05225 3.00155 93.8187 6.05225
1052 0 1 2 12 3.00155 1.42875 6.53125 3.00155 93.8187 6.53125
1053 0 1 2 13 3.00155 1.42875 7.01025 3.00155 93.8187 7.01025
1054 0 1 2 14 3.00155 1.42875 7.48925 3.00155 93.8187 7.48925
1055 0 1 2 15 3.00155 1.42875 7.96825 3.00155 93.8187 7.96825
1056 0 1 2 16 3.00155 1.42875 8.44725 3.00155 93.8187 8.44725
1057 0 1 2 17 3.00155 1.42875 8.92625 3.00155 93.8187 8.92625
1058 0 1 2 18 3.00155 1.42875 9.40525 3.00155 93.8187 9.40525
1059 0 1 2 19 3.00155 1.42875 9.88425 3.00155 93.8187 9.88425
1060 0 1 2 20 3.00155 1.42875 10.3632 3.00155 93.8187 10.3633
1061 0 1 2 21 3.00155 1.42875 10.8422 3.00155 93.8187 10.8423
1062 0 1 2 22 3.00155 1.42875 11.3212 3.00155 93.8187 11.3213
1063 0 1 2 23 3.00155 1.42875 11.8002 3.00155 93.8187 11.8003
1064 0 1 2 24 3.00155 1.42875 12.2792 3.00155 93.8187 12.2793
1065 0 1 2 25 3.00155 1.42875 12.7582 3.00155 93.8187 12.7583
1066 0 1 2 26 3.00155 1.42875 13.2372 3.00155 93.8187 13.2373
1067 0 1 2 27 3.00155 1.42875 13.7162 3.00155 93.8187 13.7163
1068 0 1 2 28 3.00155 1.42875 14.1952 3.00155 93.8187 14.1953
1069 0 1 2 29 3.00155 1.42875 14.6742 3.00155 93.8187 14.6743
1070 0 1 2 30 3.00155 1.42875 15.1532 3.00155 93.8187 15.1533
1071 0 1 2 31 3.00155 1.42875 15.6322 3.00155 93.8187 15.6323
1072 0 1 2 32 3.00155 1.42875 16.1112 3.00155 93.8187 16.1113
1073 0 1 2 33 3.00155 1.42875 16.5902 3.00155 93.8187 16.5903
1074 0 1 2 34 3.00155 1.42875 17.0692 3.00155 93.8187 17.0693
1075 0 1 2 35 3.00155 1.42875 17.5482 3.00155 93.8187 17.5483
1076 0 1 2 36 3.00155 1.42875 18.0272 3.00155 93.8187 18.0273
1077 0 1 2 37 3.00155 1.42875 18.5062 3.00155 93.8187 18.5063
1078 0 1 2 38 3.00155 1.42875 18.9852 3.00155 93.8187 18.9853
1079 0 1 2 39 3.00155 1.42875 19.4642 3.00155 93.8187 19.4643
1080 0 1 2 40 3.00155 1.42875 19.9432 3.00155 93.8187 19.9433
1081 0 1 2 41 3.00155 1.42875 20.4222 3.00155 93.8187 20.4223
1082 0 1 2 42 3.00155 1.42875 20.9012 3.00155 93.8187 20.9013
1083 0 1 2 43 3.00155 1.42875 21.3802 3.00155 93.8187 21.3803
1084 0 1 2 44 3.00155 1.42875 21.8592 3.00155 93.8187 21.8593
1085 0 1 2 45 3.00155 1.42875 22.3382 3.00155 93.8187 22.3383
1086 0 1 2 46 3.00155 1.42875 22.8172 3.00155 93.8187 22.8173
1087 0 1 2 47 3.00155 1.42875 23.2962 3.00155 93.8187 23.2963
1088 0 1 2 48 3.00155 1.42875 23.7752 3.00155 93.8187 23.7753
1089 0 1 2 49 3.00155 1.42875 24.2542 3.00155 93.8187 24.2543
1090 0 1 2 50 3.00155 1.42875 24.7332 3.00155 93.8187 24.7333
1091 0 1 2 51 3.00155 1.42875 25.2122 3.00155 93.8187 25.2123
1092 0 1 2 52 3.00155 1.42875 25.6912 3.00155 93.8187 25.6913
1093 0 1 2 53 3.00155 1.42875 26.1702 3.00155 93.8187 26.1703
1094 0 1 2 54 3.00155 1.42875 26.6492 3.00155 93.8187 26.6493
1095 0 1 2 55 3.00155 1.42875 27.1282 3.00155 93.8187 27.1283
1096 0 1 2 56 3.00155 1.42875 27.6072 3.00155 93.8187 27.6073
1097 0 1 2 57 3.00155 1.42875 28.0862 3.00155 93.8187 28.0863
1098 0 1 2 58 3.00155 1.42875 28.5652 3.00155 93.8187 28.5653
1099 0 1 2 59 3.00155 1.42875 29.0442 3.00155 93.8187 29.0443
1100 0 1 2 60 3.00155 1.42875 29.5232 3.00155 93.8187 29.5233
1101 0 1 2 61 3.00155 1.42875 30.0022 3.00155 93.8187 30.0023
1102 0 1 2 62 3.00155 1.42875 30.4812 3.00155 93.8187 30.4813
1103 0 1 2 63 3.00155 1.42875 30.9602 3.00155 93.8187 30.9603
1104 0 1 2 64 3.00155 1.42875 31.4392 3.00155 93.8187 31.4393
1105 0 1 2 65 3.00155 1.42875 31.9182 3.00155 93.8187 31.9183
1106 0 1 2 66 3.00155 1.42875 32.3972 3.00155 93.8187 32.3972
1107 0 1 2 67 3.00155 1.42875 32.8762 3.00155 93.8187 32.8762
1108 0 1 2 68 3.00155 1.42875 33.3552 3.00155 93.8187 33.3552
1109 0 1 2 69 3.00155 1.42875 33.8342 3.00155 93.8187 33.8342
1110 0 1 2 70 3.00155 1.42875 34.3132 3.00155 93.8187 34.3132
1111 0 1 2 71 3.00155 1.42875 34.7922 3.00155 93.8187 34.7922
1112 0 1 2 72 3.00155 1.42875 35.2712 3.00155 93.8187 35.2712
1113 0 1 2 73 3.00155 1.42875 35.7503 3.00155 93.8187 35.7503
1114 0 1 2 74 3.00155 1.42875 36.2293 3.00155 93.8187 36.2293
1115 0 1 2 75 3.00155 1.42875 36.7082 3.00155 93.8187 36.7082
1116 0 1 2 76 3.00155 1.42875 37.1872 3.00155 93.8187 37.1872
1117 0 1 2 77 3.00155 1.42875 37.6662 3.00155 93.8187 37.6662
1118 0 1 2 78 3.00155 1.42875 38.1453 3.00155 93.8187 38.1453
1119 0 1 2 79 3.00155 1.42875 38.6243 3.00155 93.8187 38.6243
1120 0 1 2 80 3.00155 1.42875 39.1033 3.00155 93.8187 39.1033
1121 0 1 2 81 3.00155 1.42875 39.5823 3.00155 93.8187 39.5823
1122 0 1 2 82 3.00155 1.42875 40.0613 3.00155 93.8187 40.0613
1123 0 1 2 83 3.00155 1.42875 40.5403 3.00155 93.8187 40.5403
1124 0 1 2 84 3.00155 1.42875 41.0192 3.00155 93.8187 41.0192
1125 0 1 2 85 3.00155 1.42875 41.4982 3.00155 93.8187 41.4982
1126 0 1 2 86 3.00155 1.42875 41.9772 3.00155 93.8187 41.9772
1127 0 1 2 87 3.00155 1.42875 42.4562 3.00155 93.8187 42.4562
1128 0 1 2 88 3.00155 1.42875 42.9352 3.00155 93.8187 42.9352
1129 0 1 2 89 3.00155 1.42875 43.4142 3.00155 93.8187 43.4142
1130 0 1 2 90 3.00155 1.42875 43.8933 3.00155 93.8187 43.8933
1131 0 1 2 91 3.00155 1.42875 44.3723 3.00155 93.8187 44.3723
1132 0 1 2 92 3.00155 1.42875 44.8513 3.00155 93.8187 44.8513
1133 0 1 2 93 3.00155 1.42875 45.3302 3.00155 93.8187 45.3302
1134 0 1 2 94 3.00155 1.42875 45.8092 3.00155 93.8187 45.8092
1135 0 1 2 95 3.00155 1.42875 46.2882 3.00155 93.8187 46.2882
1136 0 1 2 96 3.00155 1.42875 46.7672 3.00155 93.8187 46.7672
1137 0 1 2 97 3.00155 1.42875 47.2463 3.00155 93.8187 47.2463
1138 0 1 2 98 3.00155 1.42875 47.7253 3.00155 93.8187 47.7253
1139 0 1 2 99 3.00155 1.42875 48.2043 3.00155 93.8187 48.2043
1140 0 1 2 100 3.00155 1.42875 48.6833 3.00155 93.8187 48.6833
1141 0 1 2 101 3.00155 1.42875 49.1623 3.00155 93.8187 49.1623
1142 0 1 2 102 3.00155 1.42875 49.6412 3.00155 93.8187 49.6412
1143 0 1 2 103 3.00155 1.42875 50.1202 3.00155 93.8187 50.1202
1144 0 1 2 104 3.00155 1.42875 50.5992 3.00155 93.8187 50.5992
1145 0 1 2 105 3.00155 1.42875 51.0782 3.00155 93.8187 51.0782
1146 0 1 2 106 3.00155 1.42875 51.5572 3.00155 93.8187 51.5572
1147 0 1 2 107 3.00155 1.42875 52.0363 3.00155 93.8187 52.0363
1148 0 1 2 108 3.00155 1.42875 52.5153 3.00155 93.8187 52.5153
1149 0 1 2 109 3.00155 1.42875 52.9943 3.00155 93.8187 52.9943
1150 0 1 2 110 3.00155 1.42875 53.4733 3.00155 93.8187 53.4733
1151 0 1 2 111 3.00155 1.42875 53.9522 3.00155 93.8187 53.9522
1152 0 1 2 112 3.00155 1.42875 54.4312 3.00155 93.8187 54.4312
1153 0 1 2 113 3.00155 1.42875 54.9102 3.00155 93.8187 54.9102
1154 0 1 2 114 3.00155 1.42875 55.3892 3.00155 93.8187 55.3892
1155 0 1 2 115 3.00155 1.42875 55.8683 3.00155 93.8187 55.8683
1156 0 1 2 116 3.00155 1.42875 56.3473 3.00155 93.8187 56.3473
1157 0 1 2 117 3.00155 1.42875 56.8263 3.00155 93.8187 56.8263
1158 0 1 2 118 3.00155 1.42875 57.3053 3.00155 93.8187 57.3053
1159 0 1 2 119 3.00155 1.42875 57.7843 3.00155 93.8187 57.7843
1160 0 1 2 120 3.00155 1.42875 58.2632 3.00155 93.8187 58.2632
1161 0 1 2 121 3.00155 1.42875 58.7422 3.00155 93.8187 58.7422
1162 0 1 2 122 3.00155 1.42875 59.2212 3.00155 93.8187 59.2212
1163 0 1 2 123 3.00155 1.42875 59.7002 3.00155 93.8187 59.7002
1164 0 1 2 124 3.00155 1.42875 60.1792 3.00155 93.8187 60.1792
1165 0 1 2 125 3.00155 1.42875 60.6583 3.00155 93.8187 60.6583
1166 0 1 2 126 3.00155 1.42875 61.1373 3.00155 93.8187 61.1373
1167 0 1 2 127 3.00155 1.42875 61.6163 3.00155 93.8187 61.6163
1168 0 1 2 128 3.00155 1.42875 62.0953 3.00155 93.8187 62.0953
1169 0 1 2 129 3.00155 1.42875 62.5742 3.00155 93.8187 62.5742
1170 0 1 2 130 3.00155 1.42875 63.0532 3.00155 93.8187 63.0532
1171 0 1 2 131 3.00155 1.42875 63.5322 3.00155 93.8187 63.5322
1172 0 1 2 132 3.00155 1.42875 64.0113 3.00155 93.8187 64.0113
1173 0 1 2 133 3.00155 1.42875 64.4903 3.00155 93.8187 64.4903
1174 0 1 2 134 3.00155 1.42875 64.9693 3.00155 93.8187 64.9693
1175 0 1 2 135 3.00155 1.42875 65.4482 3.00155 93.8187 65.4482
1176 0 1 2 136 3.00155 1.42875 65.9272 3.00155 93.8187 65.9272
1177 0 1 2 137 3.00155 1.42875 66.4062 3.00155 93.8187 66.4062
1178 0 1 2 138 3.00155 1.42875 66.8853 3.00155 93.8187 66.8853
1179 0 1 2 139 3.00155 1.42875 67.3643 3.00155 93.8187 67.3643
1180 0 1 2 140 3.00155 1.42875 67.8433 3.00155 93.8187 67.8433
1181 0 1 2 141 3.00155 1.42875 68.3222 3.00155 93.8187 68.3222
1182 0 1 2 142 3.00155 1.42875 68.8012 3.00155 93.8187 68.8012
1183 0 1 2 143 3.00155 1.42875 69.2802 3.00155 93.8187 69.2802
1184 0 1 2 144 3.00155 1.42875 69.7592 3.00155 93.8187 69.7592
1185 0 1 2 145 3.00155 1.42875 70.2382 3.00155 93.8187 70.2382
1186 0 1 2 146 3.00155 1.42875 70.7173 3.00155 93.8187 70.7173
1187 0 1 2 147 3.00155 1.42875 71.1962 3.00155 93.8187 71.1962
1188 0 1 2 148 3.00155 1.42875 71.6753 3.00155 93.8187 71.6753
1189 0 1 2 149 3.00155 1.42875 72.1543 3.00155 93.8187 72.1543
1190 0 1 2 150 3.00155 1.42875 72.6333 3.00155 93.8187 72.6333
1191 0 1 2 151 3.00155 1.42875 73.1123 3.00155 93.8187 73.1123
1192 0 1 2 152 3.00155 1.42875 73.5913 3.00155 93.8187 73.5913
1193 0 1 2 153 3.00155 1.42875 74.0703 3.00155 93.8187 74.0703
1194 0 1 2 154 3.00155 1.42875 74.5493 3.00155 93.8187 74.5493
1195 0 1 2 155 3.00155 1.42875 75.0282 3.00155 93.8187 75.0282
1196 0 1 2 156 3.00155 1.42875 75.5072 3.00155 93.8187 75.5072
1197 0 1 2 157 3.00155 1.42875 75.9862 3.00155 93.8187 75.9862
1198 0 1 2 158 3.00155 1.42875 76.4652 3.00155 93.8187 76.4652
1199 0 1 2 159 3.00155 1.42875 76.9442 3.00155 93.8187 76.9442
1200 0 1 2 160 3.00155 1.42875 77.4232 3.00155 93.8187 77.4232
1201 0 1 2 161 3.00155 1.42875 77.9022 3.00155 93.8187 77.9022
1202 0 1 2 162 3.00155 1.42875 78.3812 3.00155 93.8187 78.3812
1203 0 1 2 163 3.00155 1.42875 78.8603 3.00155 93.8187 78.8603
1204 0 1 2 164 3.00155 1.42875 79.3392 3.00155 93.8187 79.3392
1205 0 1 2 165 3.00155 1.42875 79.8183 3.00155 93.8187 79.8183
1206 0 1 2 166 3.00155 1.42875 80.2972 3.00155 93.8187 80.2972
1207 0 1 2 167 3.00155 1.42875 80.7763 3.00155 93.8187 80.7763
1208 0 1 2 168 3.00155 1.42875 81.2553 3.00155 93.8187 81.2553
1209 0 1 2 169 3.00155 1.42875 81.7343 3.00155 93.8187 81.7343
1210 0 1 2 170 3.00155 1.42875 82.2133 3.00155 93.8187 82.2133
1211 0 1 2 171 3.00155 1.42875 82.6923 3.00155 93.8187 82.6923
1212 0 1 2 172 3.00155 1.42875 83.1713 3.00155 93.8187 83.1713
1213 0 1 2 173 3.00155 1.42875 83.6502 3.00155 93.8187 83.6502
1214 0 1 2 174 3.00155 1.42875 84.1292 3.00155 93.8187 84.1292
1215 0 1 2 175 3.00155 1.42875 84.6082 3.00155 93.8187 84.6082
1216 0 1 2 176 3.00155 1.42875 85.0872 3.00155 93.8187 85.0872
1217 0 1 2 177 3.00155 1.42875 85.5662 3.00155 93.8187 85.5662
1218 0 1 2 178 3.00155 1.42875 86.0452 3.00155 93.8187 86.0452
1219 0 1 2 179 3.00155 1.42875 86.5242 3.00155 93.8187 86.5242
1220 0 1 2 180 3.00155 1.42875 87.0033 3.00155 93.8187 87.0033
1221 0 1 2 181 3.00155 1.42875 87.4822 3.00155 93.8187 87.4822
1222 0 1 2 182 3.00155 1.42875 87.9613 3.00155 93.8187 87.9613
1223 0 1 2 183 3.00155 1.42875 88.4402 3.00155 93.8187 88.4402
1224 0 1 2 184 3.00155 1.42875 88.9193 3.00155 93.8187 88.9193
1225 0 1 2 185 3.00155 1.42875 89.3983 3.00155 93.8187 89.3983
1226 0 1 2 186 3.00155 1.42875 89.8773 3.00155 93.8187 89.8773
1227 0 1 2 187 3.00155 1.42875 90.3563 3.00155 93.8187 90.3563
1228 0 1 2 188 3.00155 1.42875 90.8353 3.00155 93.8187 90.8353
1229 0 1 2 189 3.00155 1.42875 91.3143 3.00155 93.8187 91.3143
1230 0 1 2 190 3.00155 1.42875 91.7933 3.00155 93.8187 91.7933
1231 0 1 2 191 3.00155 1.42875 92.2722 3.00155 93.8187 92.2722
1232 0 1 2 192 3.00155 1.42875 92.7512 3.00155 93.8187 92.7512
1233 0 1 2 193 3.00155 1.42875 93.2302 3.00155 93.8187 93.2302
1234 0 1 2 194 3.00155 1.42875 93.7092 3.00155 93.8187 93.7092
1235 0 1 2 195 3.00155 1.42875 94.1882 3.00155 93.8187 94.1882
1236 0 1 2 196 3.00155 1.42875 94.6672 3.00155 93.8187 94.6672
1237 0 1 2 197 3.00155 1.42875 95.1463 3.00155 93.8187 95.1463
1238 0 1 2 198 3.00155 1.42875 95.6252 3.00155 93.8187 95.6252
1239 0 1 2 199 3.00155 1.42875 96.1043 3.00155 93.8187 96.1043
1240 0 1 2 200 3.00155 1.42875 96.5832 3.00155 93.8187 96.5832
1241 0 1 2 201 3.00155 1.42875 97.0623 3.00155 93.8187 97.0623
1242 0 1 2 202 3.00155 1.42875 97.5412 3.00155 93.8187 97.5412
1243 0 1 2 203 3.00155 1.42875 98.0203 3.00155 93.8187 98.0203
1244 0 1 2 204 3.00155 1.42875 98.4992 3.00155 93.8187 98.4992
1245 0 1 2 205 3.00155 1.42875 98.9783 3.00155 93.8187 98.9783
1246 0 1 2 206 3.00155 1.42875 99.4573 3.00155 93.8187 99.4573
1247 0 1 2 207 3.00155 1.42875 99.9363 3.00155 93.8187 99.9363
1248 0 1 2 208 3.00155 1.42875 100.415 3.00155 93.8187 100.415
1249 0 1 2 209 3.00155 1.42875 100.894 3.00155 93.8187 100.894
1250 0 1 2 210 3.00155 1.42875 101.373 3.00155 93.8187 101.373
1251 0 1 2 211 3.00155 1.42875 101.852 3.00155 93.8187 101.852
1252 0 1 2 212 3.00155 1.42875 102.331 3.00155 93.8187 102.331
1253 0 1 2 213 3.00155 1.42875 102.81 3.00155 93.8187 102.81
1254 0 1 2 214 3.00155 1.42875 103.289 3.00155 93.8187 103.289
1255 0 1 2 215 3.00155 1.42875 103.768 3.00155 93.8187 103.768
1256 0 1 2 216 3.00155 1.42875 104.247 3.00155 93.8187 104.247
1257 0 1 2 217 3.00155 1.42875 104.726 3.00155 93.8187 104.726
1258 0 1 2 218 3.00155 1.42875 105.205 3.00155 93.8187 105.205
1259 0 1 2 219 3.00155 1.42875 105.684 3.00155 93.8187 105.684
1260 0 1 2 220 3.00155 1.42875 106.163 3.00155 93.8187 106.163
1261 0 1 2 221 3.00155 1.42875 106.642 3.00155 93.8187 106.642
1262 0 1 2 222 3.00155 1.42875 107.121 3.00155 93.8187 107.121
1263 0 1 2 223 3.00155 1.42875 107.6 3.00155 93.8187 107.6
1264 0 1 2 224 3.00155 1.42875 108.079 3.00155 93.8187 108.079
1265 0 1 2 225 3.00155 1.42875 108.558 3.00155 93.8187 108.558
1266 0 1 2 226 3.00155 1.42875 109.037 3.00155 93.8187 109.037
1267 0 1 2 227 3.00155 1.42875 109.516 3.00155 93.8187 109.516
1268 0 1 2 228 3.00155 1.42875 109.995 3.00155 93.8187 109.995
1269 0 1 2 229 3.00155 1.42875 110.474 3.00155 93.8187 110.474
1270 0 1 2 230 3.00155 1.42875 110.953 3.00155 93.8187 110.953
1271 0 1 2 231 3.00155 1.42875 111.432 3.00155 93.8187 111.432
1272 0 1 2 232 3.00155 1.42875 111.911 3.00155 93.8187 111.911
1273 0 1 2 233 3.00155 1.42875 112.39 3.00155 93.8187 112.39
1274 0 1 2 234 3.00155 1.42875 112.869 3.00155 93.8187 112.869
1275 0 1 2 235 3.00155 1.42875 113.348 3.00155 93.8187 113.348
1276 0 1 2 236 3.00155 1.42875 113.827 3.00155 93.8187 113.827
1277 0 1 2 237 3.00155 1.42875 114.306 3.00155 93.8187 114.306
1278 0 1 2 238 3.00155 1.42875 114.785 3.00155 93.8187 114.785
1279 0 1 2 239 3.00155 1.42875 115.264 3.00155 93.8187 115.264
